game_id,homeG,awayG,status,home,away,phase,prop_date
20462,0,3,Final,University_of_Colorado,Midland_University,Regular,2024-9-6
21847,3,2,Final SO,University_of_Colorado,Midland_University,Regular,2024-9-7
18668,4,0,Final,Maryville_University,McKendree_University,Regular,2024-9-11
19904,1,7,Final,Saginaw_Valley_State_University,Davenport_University,Regular,2024-9-12
19062,6,2,Final,Oswego_State_University,George_Mason_University,Regular,2024-9-13
18844,6,4,Final,Temple_University,The_College_of_New_Jersey,Regular,2024-9-13
20604,5,2,Final,Kent_State_University,Northern_Illinois_University,Regular,2024-9-13
20785,1,4,Final,Western_Michigan_University,John_Carroll_University,Regular,2024-9-13
19026,5,3,Final,Drury_University,University_of_Alabama,Regular,2024-9-13
20477,3,0,Final,University_of_Oklahoma,Waldorf_University,Regular,2024-9-13
18669,6,5,Final,Maryville_University,Missouri_State_University,Regular,2024-9-13
21848,2,8,Final,Duquesne_University,University_of_Pittsburgh,Regular,2024-9-13
20413,3,7,Final,McKendree_University,University_of_Illinois,Regular,2024-9-13
20464,5,3,Final,University_of_Colorado,University_of_Central_Oklahoma,Regular,2024-9-13
20490,0,6,Final,Oakland_University,Concordia_University_Ann_Arbor,Regular,2024-9-13
19063,5,0,Final,Oswego_State_University,George_Mason_University,Regular,2024-9-14
20786,1,8,Final,Western_Michigan_University,John_Carroll_University,Regular,2024-9-14
20605,4,2,Final,Kent_State_University,Northern_Illinois_University,Regular,2024-9-14
19366,6,3,Final,Concordia_University_Ann_Arbor,Oakland_University,Regular,2024-9-14
19143,1,4,Final,The_College_of_New_Jersey,Temple_University,Regular,2024-9-14
18670,3,4,Final OT,Maryville_University,Missouri_State_University,Regular,2024-9-14
19027,6,1,Final,Drury_University,University_of_Alabama,Regular,2024-9-14
18860,7,2,Final,University_of_Mary,Iowa_State_University,Regular,2024-9-14
20478,3,2,Final,University_of_Oklahoma,Waldorf_University,Regular,2024-9-14
20414,5,1,Final,McKendree_University,University_of_Illinois,Regular,2024-9-14
18633,1,6,Final,William_Paterson_University,Villanova_University,Regular,2024-9-14
20465,3,1,Final,University_of_Colorado,University_of_Central_Oklahoma,Regular,2024-9-14
19905,0,9,Final,Saginaw_Valley_State_University,Davenport_University,Regular,2024-9-14
19958,1,7,Final,West_Virginia_University,University_of_Pittsburgh,Regular,2024-9-15
18861,7,4,Final,University_of_Mary,Iowa_State_University,Regular,2024-9-15
19383,8,0,Final,University_of_Michigan_Dearborn,Rochester_Christian_University,Regular,2024-9-17
20771,1,9,Final,Rochester_Christian_University,University_of_Michigan_Dearborn,Regular,2024-9-18
19440,15,1,Final,Niagara_University,Rochester_Institute_of_Technology,Regular,2024-9-20
18494,-,-,Postponed,Ohio_University,Purdue_University_Northwest,Regular,2024-9-20
19064,1,2,Final SO,Oswego_State_University,University_of_Pittsburgh,Regular,2024-9-20
18845,6,4,Final,Temple_University,West_Virginia_University,Regular,2024-9-20
19459,5,1,Final,Rutgers_University,William_Paterson_University,Regular,2024-9-20
18904,0,5,Final,Cleary_University,Calvin_University,Regular,2024-9-20
19077,0,6,Final,Towson_University,Duquesne_University,Regular,2024-9-20
19050,2,6,Final,Illinois_State_University,Maryville_University,Regular,2024-9-20
18754,4,2,Final,University_of_Central_Oklahoma,Drury_University,Regular,2024-9-20
18521,4,1,Final,University_of_Jamestown,Midland_University,Regular,2024-9-20
19893,5,0,Final,West_Chester_University,Indiana_University_of_Pennsylvania,Regular,2024-9-20
20577,3,6,Final,John_Carroll_University,Grand_Valley_State_University,Regular,2024-9-20
21961,7,4,Final,Canisius_University,Robert_Morris_University,Regular,2024-9-20
19868,2,1,Final,Lehigh_University,The_College_of_New_Jersey,Regular,2024-9-20
18944,3,0,Final,Missouri_State_University,McKendree_University,Regular,2024-9-20
20532,0,1,Final SO,University_of_Utah,University_of_Colorado,Regular,2024-9-20
19065,5,3,Final,Oswego_State_University,University_of_Pittsburgh,Regular,2024-9-21
20672,0,4,Final,Rochester_Institute_of_Technology,Villanova_University,Regular,2024-9-21
18846,2,4,Final,Temple_University,West_Virginia_University,Regular,2024-9-21
19894,3,4,Final SO,West_Chester_University,Indiana_University_of_Pennsylvania,Regular,2024-9-21
21962,3,2,Final,Canisius_University,Robert_Morris_University,Regular,2024-9-21
20578,4,1,Final,John_Carroll_University,Grand_Valley_State_University,Regular,2024-9-21
19078,4,6,Final,Towson_University,Duquesne_University,Regular,2024-9-21
19144,5,2,Final,The_College_of_New_Jersey,Lehigh_University,Regular,2024-9-21
18945,3,4,Final OT,Missouri_State_University,McKendree_University,Regular,2024-9-21
18495,-,-,Postponed,Ohio_University,Purdue_University_Northwest,Regular,2024-9-21
20518,9,1,Final,Calvin_University,Cleary_University,Regular,2024-9-21
18755,2,6,Final,University_of_Central_Oklahoma,Drury_University,Regular,2024-9-21
18522,5,0,Final,University_of_Jamestown,Midland_University,Regular,2024-9-21
18634,7,6,Final OT,William_Paterson_University,Rutgers_University,Regular,2024-9-21
19051,2,5,Final,Illinois_State_University,Maryville_University,Regular,2024-9-21
20533,5,3,Final,University_of_Utah,University_of_Colorado,Regular,2024-9-21
20673,2,6,Final,Rochester_Institute_of_Technology,Villanova_University,Regular,2024-9-22
19990,7,2,Final,University_of_Toledo,Davenport_University,Regular,2024-9-26
19193,9,3,Final,University_of_Arizona,San_Diego_State_University,Regular,2024-9-26
18802,1,4,Final,University_of_Alabama,University_of_Oklahoma,Regular,2024-9-26
18671,3,0,Final,Maryville_University,Midland_University,Regular,2024-9-26
20694,4,5,Final OT,Villanova_University,George_Mason_University,Regular,2024-9-27
18997,4,0,Final,University_of_Delaware,Concordia_University_Ann_Arbor,Regular,2024-9-27
21544,4,0,Final,Indiana_University_of_Pennsylvania,Lawrence_Tech,Regular,2024-9-27
18829,4,2,Final,United_States_Naval_Academy,University_of_Rhode_Island,Regular,2024-9-27
18618,2,4,Final,Syracuse_University,Robert_Morris_University,Regular,2024-9-27
19125,0,6,Final,University_of_Pittsburgh,Liberty_University,Regular,2024-9-27
18496,1,4,Final,Kent_State_University,Ohio_University,Regular,2024-9-27
18847,5,1,Final,Temple_University,Drexel_University,Regular,2024-9-27
19079,4,3,Final OT,Towson_University,William_Paterson_University,Regular,2024-9-27
19052,1,2,Final,Illinois_State_University,University_of_Mary,Regular,2024-9-27
18602,0,1,Final,University_of_Illinois,Minot_State_University,Regular,2024-9-27
18803,2,5,Final,University_of_Alabama,University_of_Oklahoma,Regular,2024-9-27
20579,0,2,Final,John_Carroll_University,Northwood_University,Regular,2024-9-27
20430,2,4,Final,Northern_Illinois_University,Waldorf_University,Regular,2024-9-27
20787,1,6,Final,Western_Michigan_University,Saginaw_Valley_State_University,Regular,2024-9-27
20415,1,5,Final,McKendree_University,Midland_University,Regular,2024-9-27
20492,2,7,Final,Oakland_University,Cleary_University,Regular,2024-9-27
20505,6,5,Final SO,Colorado_State_University,University_of_Colorado,Regular,2024-9-27
19869,6,3,Final,Lehigh_University,Rutgers_University,Regular,2024-9-27
19194,5,2,Final,University_of_Arizona,San_Diego_State_University,Regular,2024-9-27
19943,0,9,Final,Iowa_State_University,University_of_Jamestown,Regular,2024-9-27
19959,3,4,Final,West_Virginia_University,West_Chester_University,Regular,2024-9-27
19441,1,0,Final OT,Niagara_University,Oswego_State_University,Regular,2024-9-27
18619,10,3,Final,Syracuse_University,Robert_Morris_University,Regular,2024-9-28
19126,0,11,Final,University_of_Pittsburgh,Liberty_University,Regular,2024-9-28
21545,0,9,Final,Indiana_University_of_Pennsylvania,Lawrence_Tech,Regular,2024-9-28
23003,3,4,Final,University_of_Colorado,Colorado_State_University,Regular,2024-9-28
20580,5,2,Final,John_Carroll_University,Northwood_University,Regular,2024-9-28
19159,4,2,Final,Davenport_University,Roosevelt_University,Regular,2024-9-28
19960,4,5,Final OT,West_Virginia_University,West_Chester_University,Regular,2024-9-28
18905,9,3,Final,Cleary_University,Oakland_University,Regular,2024-9-28
18830,2,3,Final,United_States_Naval_Academy,University_of_Rhode_Island,Regular,2024-9-28
18584,3,0,Final,Mercyhurst_University,Rochester_Institute_of_Technology,Regular,2024-9-28
20431,2,10,Final,Northern_Illinois_University,Waldorf_University,Regular,2024-9-28
21874,3,6,Final,Duquesne_University,Canisius_University,Regular,2024-9-28
19053,4,5,Final OT,Illinois_State_University,University_of_Mary,Regular,2024-9-28
18816,3,2,Final OT,Drexel_University,Temple_University,Regular,2024-9-28
18497,1,5,Final,Kent_State_University,Ohio_University,Regular,2024-9-28
18603,3,4,Final,University_of_Illinois,Minot_State_University,Regular,2024-9-28
19944,1,6,Final,Iowa_State_University,University_of_Jamestown,Regular,2024-9-28
20416,1,3,Final,McKendree_University,Midland_University,Regular,2024-9-28
18635,6,3,Final,William_Paterson_University,Towson_University,Regular,2024-9-28
18998,13,1,Final,University_of_Delaware,Concordia_University_Ann_Arbor,Regular,2024-9-28
19442,5,2,Final,Niagara_University,Oswego_State_University,Regular,2024-9-28
19460,3,4,Final,Rutgers_University,Lehigh_University,Regular,2024-9-28
19906,4,1,Final,Saginaw_Valley_State_University,Western_Michigan_University,Regular,2024-9-28
21875,3,5,Final,Duquesne_University,Canisius_University,Regular,2024-9-29
20674,1,3,Final,Rochester_Institute_of_Technology,Mercyhurst_University,Regular,2024-9-29
19160,8,4,Final,Davenport_University,University_of_Toledo,Regular,2024-9-29
18863,4,5,Final,University_of_Mary,Minot_State_University,Regular,2024-10-2
20519,7,3,Final,Calvin_University,University_of_Michigan_Dearborn,Regular,2024-10-3
18479,7,0,Final,Purdue_University_Northwest,Saginaw_Valley_State_University,Regular,2024-10-3
19384,2,6,Final,University_of_Michigan_Dearborn,Calvin_University,Regular,2024-10-4
18547,1,4,Final,University_of_Rhode_Island,Oswego_State_University,Regular,2024-10-4
18978,6,2,Final,Adrian_College,Illinois_State_University,Regular,2024-10-4
20788,0,7,Final,Western_Michigan_University,Northwood_University,Regular,2024-10-4
19443,4,1,Final,Niagara_University,Syracuse_University,Regular,2024-10-4
18831,4,3,Final,United_States_Naval_Academy,University_of_Pittsburgh,Regular,2024-10-4
18848,6,0,Final,Temple_University,Rutgers_University,Regular,2024-10-4
18877,4,2,Final,Indiana_Tech,Davenport_University,Regular,2024-10-4
18657,5,1,Final,Grand_Valley_State_University,Aquinas_College,Regular,2024-10-4
18906,3,1,Final,Cleary_University,Kent_State_University,Regular,2024-10-4
19974,5,1,Final,Stony_Brook_University,New_York_University,Regular,2024-10-4
18604,6,2,Final,University_of_Illinois,Roosevelt_University,Regular,2024-10-4
18946,2,1,Final,Missouri_State_University,University_of_Colorado,Regular,2024-10-4
18523,4,2,Final,University_of_Jamestown,Waldorf_University,Regular,2024-10-4
19367,5,6,Final OT,Concordia_University_Ann_Arbor,University_of_Toledo,Regular,2024-10-4
18770,2,1,Final,George_Mason_University,West_Virginia_University,Regular,2024-10-4
19410,1,4,Final,Midland_University,Drury_University,Regular,2024-10-4
19145,2,3,Final,The_College_of_New_Jersey,Canisius_University,Regular,2024-10-4
19945,2,3,Final OT,Iowa_State_University,McKendree_University,Regular,2024-10-4
18672,0,4,Final,Maryville_University,Ohio_University,Regular,2024-10-4
19870,0,5,Final,Lehigh_University,John_Carroll_University,Regular,2024-10-4
20506,0,4,Final,Colorado_State_University,University_of_Oklahoma,Regular,2024-10-4
21876,2,6,Final,Duquesne_University,West_Chester_University,Regular,2024-10-4
20772,3,0,Final,Rochester_Christian_University,Mercyhurst_University,Regular,2024-10-4
20534,15,0,Final,University_of_Utah,San_Diego_State_University,Regular,2024-10-4
19195,3,0,Final,University_of_Arizona,Arizona_State_University,Regular,2024-10-4
18924,8,3,Final,Liberty_University,University_of_Delaware,Regular,2024-10-4
18771,4,2,Final,George_Mason_University,West_Virginia_University,Regular,2024-10-5
18979,4,5,Final SO,Adrian_College,Illinois_State_University,Regular,2024-10-5
19146,1,4,Final,The_College_of_New_Jersey,Canisius_University,Regular,2024-10-5
18534,8,2,Final,Northwood_University,Western_Michigan_University,Regular,2024-10-5
18548,1,4,Final,University_of_Rhode_Island,Oswego_State_University,Regular,2024-10-5
18524,5,1,Final,University_of_Jamestown,Waldorf_University,Regular,2024-10-5
20695,1,2,Final OT,Villanova_University,Drexel_University,Regular,2024-10-5
18832,2,5,Final,United_States_Naval_Academy,University_of_Pittsburgh,Regular,2024-10-5
20493,3,6,Final,Oakland_University,Mercyhurst_University,Regular,2024-10-5
18673,2,4,Final,Maryville_University,Ohio_University,Regular,2024-10-5
18925,3,2,Final OT,Liberty_University,University_of_Delaware,Regular,2024-10-5
18947,2,8,Final,Missouri_State_University,University_of_Colorado,Regular,2024-10-5
22772,0,6,Final,Rochester_Institute_of_Technology,Indiana_University_of_Pennsylvania,Regular,2024-10-5
21877,0,8,Final,Duquesne_University,West_Chester_University,Regular,2024-10-5
18643,3,6,Final,Aquinas_College,Grand_Valley_State_University,Regular,2024-10-5
20606,3,2,Final,Kent_State_University,Cleary_University,Regular,2024-10-5
19991,4,1,Final,University_of_Toledo,Concordia_University_Ann_Arbor,Regular,2024-10-5
19461,1,5,Final,Rutgers_University,Temple_University,Regular,2024-10-5
19871,1,2,Final,Lehigh_University,John_Carroll_University,Regular,2024-10-5
18620,3,6,Final,Syracuse_University,Niagara_University,Regular,2024-10-5
18864,9,2,Final,University_of_Mary,Northern_Illinois_University,Regular,2024-10-5
19161,1,2,Final,Davenport_University,Indiana_Tech,Regular,2024-10-5
19411,1,4,Final,Midland_University,Drury_University,Regular,2024-10-5
19946,3,2,Final,Iowa_State_University,McKendree_University,Regular,2024-10-5
19399,3,5,Final,Roosevelt_University,University_of_Illinois,Regular,2024-10-5
19880,3,2,Final,New_York_University,Stony_Brook_University,Regular,2024-10-5
20507,2,3,Final OT,Colorado_State_University,University_of_Oklahoma,Regular,2024-10-5
19907,1,9,Final,Saginaw_Valley_State_University,Purdue_University_Northwest,Regular,2024-10-5
20535,4,0,Final,University_of_Utah,San_Diego_State_University,Regular,2024-10-5
20494,6,5,Final SO,Oakland_University,Mercyhurst_University,Regular,2024-10-6
19872,3,7,Final,Lehigh_University,Villanova_University,Regular,2024-10-6
20675,0,8,Final,Rochester_Institute_of_Technology,Indiana_University_of_Pennsylvania,Regular,2024-10-6
18865,10,1,Final,University_of_Mary,Northern_Illinois_University,Regular,2024-10-6
18786,5,3,Final,Arizona_State_University,University_of_Arizona,Regular,2024-10-6
18980,1,0,Final,Adrian_College,Liberty_University,Regular,2024-10-10
19923,5,2,Final,University_of_Jamestown,Minot_State_University,Regular,2024-10-10
18585,0,7,Final,Mercyhurst_University,Canisius_University,Regular,2024-10-10
18644,2,3,Final SO,Aquinas_College,Davenport_University,Regular,2024-10-10
20789,2,5,Final,Western_Michigan_University,George_Mason_University,Regular,2024-10-11
18981,3,4,Final OT,Adrian_College,Liberty_University,Regular,2024-10-11
18498,-,-,Postponed,Ohio_University,University_of_Utah,Regular,2024-10-11
19385,4,7,Final,University_of_Michigan_Dearborn,Indiana_Tech,Regular,2024-10-11
18549,1,0,Final,University_of_Rhode_Island,University_of_Delaware,Regular,2024-10-11
18658,1,4,Final,Grand_Valley_State_University,Illinois_State_University,Regular,2024-10-11
18849,5,3,Final,Temple_University,William_Paterson_University,Regular,2024-10-11
18535,5,0,Final,Northwood_University,Saginaw_Valley_State_University,Regular,2024-10-11
18605,2,4,Final,University_of_Illinois,Purdue_University_Northwest,Regular,2024-10-11
18758,5,1,Final,University_of_Central_Oklahoma,Missouri_State_University,Regular,2024-10-11
19368,2,3,Final,Concordia_University_Ann_Arbor,Lawrence_Tech,Regular,2024-10-11
19961,1,0,Visiting Forfeit,West_Virginia_University,University_of_Alabama,Regular,2024-10-11
19028,8,2,Final,Drury_University,Iowa_State_University,Regular,2024-10-11
18893,3,2,Final,Waldorf_University,Midland_University,Regular,2024-10-11
20773,1,8,Final,Rochester_Christian_University,Cleary_University,Regular,2024-10-11
20559,5,1,Final,Robert_Morris_University,Rochester_Institute_of_Technology,Regular,2024-10-11
19162,1,4,Final,Davenport_University,Calvin_University,Regular,2024-10-11
18962,8,3,Final,Grand_Canyon_University,San_Diego_State_University,Regular,2024-10-11
20417,3,2,Final SO,McKendree_University,Northern_Illinois_University,Regular,2024-10-11
19881,2,5,Final,New_York_University,United_States_Naval_Academy,Regular,2024-10-11
21963,6,1,Final,Canisius_University,Mercyhurst_University,Regular,2024-10-11
18565,6,0,Final,University_of_Nevada_Las_Vegas,University_of_Oregon,Regular,2024-10-11
20560,9,2,Final,Robert_Morris_University,Rochester_Institute_of_Technology,Regular,2024-10-12
18894,2,9,Final,Waldorf_University,Midland_University,Regular,2024-10-12
19962,1,0,Visiting Forfeit,West_Virginia_University,University_of_Alabama,Regular,2024-10-12
18550,5,2,Final,University_of_Rhode_Island,University_of_Delaware,Regular,2024-10-12
18659,5,2,Final,Grand_Valley_State_University,Illinois_State_University,Regular,2024-10-12
18907,14,3,Final,Cleary_University,Rochester_Christian_University,Regular,2024-10-12
19882,2,3,Final,New_York_University,United_States_Naval_Academy,Regular,2024-10-12
19147,2,6,Final,The_College_of_New_Jersey,William_Paterson_University,Regular,2024-10-12
20790,1,4,Final,Western_Michigan_University,George_Mason_University,Regular,2024-10-12
19975,2,4,Final,Stony_Brook_University,Niagara_University,Regular,2024-10-12
19029,8,2,Final,Drury_University,Iowa_State_University,Regular,2024-10-12
18499,-,-,Postponed,Ohio_University,University_of_Utah,Regular,2024-10-12
18878,6,1,Final,Indiana_Tech,University_of_Michigan_Dearborn,Regular,2024-10-12
18759,2,5,Final,University_of_Central_Oklahoma,Missouri_State_University,Regular,2024-10-12
18866,2,4,Final,University_of_Mary,University_of_Jamestown,Regular,2024-10-12
18480,2,0,Final,Purdue_University_Northwest,University_of_Illinois,Regular,2024-10-12
18621,6,5,Final,Syracuse_University,Kent_State_University,Regular,2024-10-12
18963,11,0,Final,Grand_Canyon_University,San_Diego_State_University,Regular,2024-10-12
20418,5,4,Final SO,McKendree_University,Northern_Illinois_University,Regular,2024-10-12
18850,2,3,Final SO,Temple_University,Lehigh_University,Regular,2024-10-12
22042,10,3,Final,Lawrence_Tech,Concordia_University_Ann_Arbor,Regular,2024-10-12
19908,0,5,Final,Saginaw_Valley_State_University,Northwood_University,Regular,2024-10-12
18566,16,0,Final,University_of_Nevada_Las_Vegas,University_of_Oregon,Regular,2024-10-12
18787,2,3,Final,Arizona_State_University,University_of_Arizona,Regular,2024-10-12
19148,1,10,Final,The_College_of_New_Jersey,Drexel_University,Regular,2024-10-13
19976,3,4,Final OT,Stony_Brook_University,Niagara_University,Regular,2024-10-13
18622,5,4,Final,Syracuse_University,Kent_State_University,Regular,2024-10-13
19992,4,0,Final,University_of_Toledo,Rochester_Christian_University,Regular,2024-10-13
19163,6,3,Final,Davenport_University,Aquinas_College,Regular,2024-10-13
20520,3,0,Final,Calvin_University,Aquinas_College,Regular,2024-10-16
18525,5,2,Final,University_of_Jamestown,Ohio_University,Regular,2024-10-17
18481,3,0,Final,Purdue_University_Northwest,Davenport_University,Regular,2024-10-17
19127,3,2,Final SO,University_of_Pittsburgh,University_of_Rhode_Island,Regular,2024-10-18
19149,3,4,Final OT,The_College_of_New_Jersey,William_Paterson_University,Regular,2024-10-18
19444,6,2,Final,Niagara_University,Canisius_University,Regular,2024-10-18
18982,11,2,Final,Adrian_College,Roosevelt_University,Regular,2024-10-18
18623,6,5,Final SO,Syracuse_University,University_of_Delaware,Regular,2024-10-18
18926,4,0,Final,Liberty_University,Maryville_University,Regular,2024-10-18
18908,3,9,Final,Cleary_University,Indiana_Tech,Regular,2024-10-18
18833,3,6,Final,United_States_Naval_Academy,Drexel_University,Regular,2024-10-18
18660,9,1,Final,Grand_Valley_State_University,University_of_Toledo,Regular,2024-10-18
18645,3,4,Final OT,Aquinas_College,Lawrence_Tech,Regular,2024-10-18
18536,5,2,Final,Northwood_University,Northern_Illinois_University,Regular,2024-10-18
19080,0,4,Final,Towson_University,West_Chester_University,Regular,2024-10-18
18948,2,3,Final,Missouri_State_University,University_of_Mary,Regular,2024-10-18
18895,5,3,Final,Waldorf_University,McKendree_University,Regular,2024-10-18
18526,5,1,Final,University_of_Jamestown,University_of_Illinois,Regular,2024-10-18
20561,2,3,Final,Robert_Morris_University,Kent_State_University,Regular,2024-10-18
21546,-,-,Postponed,Indiana_University_of_Pennsylvania,University_at_Buffalo,Regular,2024-10-18
20395,1,2,Final OT,Minot_State_University,Ohio_University,Regular,2024-10-18
18964,1,2,Final,Grand_Canyon_University,University_of_Utah,Regular,2024-10-18
18586,3,6,Final,Mercyhurst_University,West_Virginia_University,Regular,2024-10-18
20508,6,4,Final,Colorado_State_University,University_of_Oregon,Regular,2024-10-18
19873,3,5,Final,Lehigh_University,New_York_University,Regular,2024-10-18
21878,6,2,Final,Duquesne_University,Rochester_Institute_of_Technology,Regular,2024-10-18
19412,5,3,Final,Midland_University,Illinois_State_University,Regular,2024-10-18
19369,2,6,Final,Concordia_University_Ann_Arbor,University_of_Michigan_Dearborn,Regular,2024-10-18
20774,2,4,Final,Rochester_Christian_University,Saginaw_Valley_State_University,Regular,2024-10-18
20447,6,4,Final,San_Diego_State_University,Western_Michigan_University,Regular,2024-10-18
18788,6,2,Final,Arizona_State_University,University_of_Nevada_Las_Vegas,Regular,2024-10-18
18624,3,2,Final,Syracuse_University,University_of_Delaware,Regular,2024-10-19
19128,3,2,Final,University_of_Pittsburgh,University_of_Rhode_Island,Regular,2024-10-19
18537,4,3,Final OT,Northwood_University,Northern_Illinois_University,Regular,2024-10-19
18896,5,7,Final,Waldorf_University,McKendree_University,Regular,2024-10-19
19164,3,1,Final,Davenport_University,Purdue_University_Northwest,Regular,2024-10-19
18983,15,2,Final,Adrian_College,Roosevelt_University,Regular,2024-10-19
21547,-,-,Postponed,Indiana_University_of_Pennsylvania,University_at_Buffalo,Regular,2024-10-19
20581,5,4,Final,John_Carroll_University,West_Virginia_University,Regular,2024-10-19
21879,4,1,Final,Duquesne_University,Rochester_Institute_of_Technology,Regular,2024-10-19
19386,8,0,Final,University_of_Michigan_Dearborn,Concordia_University_Ann_Arbor,Regular,2024-10-19
19977,3,2,Final OT,Stony_Brook_University,Oswego_State_University,Regular,2024-10-19
18927,2,3,Final,Liberty_University,Maryville_University,Regular,2024-10-19
18949,3,4,Final OT,Missouri_State_University,University_of_Mary,Regular,2024-10-19
18587,1,6,Final,Mercyhurst_University,Robert_Morris_University,Regular,2024-10-19
19993,5,6,Final OT,University_of_Toledo,Grand_Valley_State_University,Regular,2024-10-19
18879,4,2,Final,Indiana_Tech,Cleary_University,Regular,2024-10-19
19081,4,2,Final,Towson_University,Temple_University,Regular,2024-10-19
18527,10,2,Final,University_of_Jamestown,University_of_Illinois,Regular,2024-10-19
22043,3,1,Final,Lawrence_Tech,Aquinas_College,Regular,2024-10-19
18817,2,1,Final,Drexel_University,United_States_Naval_Academy,Regular,2024-10-19
20396,4,2,Final,Minot_State_University,Ohio_University,Regular,2024-10-19
19413,5,2,Final,Midland_University,Illinois_State_University,Regular,2024-10-19
19883,2,3,Final,New_York_University,Lehigh_University,Regular,2024-10-19
18772,2,0,Final,George_Mason_University,West_Chester_University,Regular,2024-10-19
20509,1,4,Final,Colorado_State_University,University_of_Oregon,Regular,2024-10-19
18965,5,6,Final SO,Grand_Canyon_University,University_of_Utah,Regular,2024-10-19
18789,2,5,Final,Arizona_State_University,University_of_Nevada_Las_Vegas,Regular,2024-10-19
19909,5,6,Final SO,Saginaw_Valley_State_University,Rochester_Christian_University,Regular,2024-10-19
20448,4,3,Final,San_Diego_State_University,Western_Michigan_University,Regular,2024-10-19
19978,4,0,Final,Stony_Brook_University,Oswego_State_University,Regular,2024-10-20
20607,3,2,Final OT,Kent_State_University,John_Carroll_University,Regular,2024-10-20
18984,1,3,Final,Adrian_College,Ohio_University,Regular,2024-10-24
18482,4,1,Final,Purdue_University_Northwest,Calvin_University,Regular,2024-10-24
18804,2,3,Final OT,University_of_Alabama,Saginaw_Valley_State_University,Regular,2024-10-24
20704,4,3,Final,University_of_Oklahoma,University_of_Utah,Regular,2024-10-24
19197,1,3,Final,University_of_Arizona,University_of_Nevada_Las_Vegas,Regular,2024-10-24
19196,2,3,Final,University_of_Arizona,University_of_Nevada_Las_Vegas,Regular,2024-10-25
19000,4,0,Final,University_of_Delaware,New_York_University,Regular,2024-10-25
18551,8,3,Final,University_of_Rhode_Island,Drexel_University,Regular,2024-10-25
19066,8,4,Final,Oswego_State_University,Syracuse_University,Regular,2024-10-25
18928,3,2,Final,Liberty_University,Stony_Brook_University,Regular,2024-10-25
18500,-,-,Postponed,Ohio_University,Adrian_College,Regular,2024-10-25
18909,5,3,Final,Cleary_University,Concordia_University_Ann_Arbor,Regular,2024-10-25
18880,13,0,Final,Indiana_Tech,Rochester_Christian_University,Regular,2024-10-25
20608,2,7,Final,Kent_State_University,Indiana_University_of_Pennsylvania,Regular,2024-10-25
18646,3,2,Final SO,Aquinas_College,University_of_Michigan_Dearborn,Regular,2024-10-25
18760,1,4,Final,University_of_Central_Oklahoma,University_of_Utah,Regular,2024-10-25
18950,2,8,Final,Missouri_State_University,University_of_Oklahoma,Regular,2024-10-25
20562,4,2,Final,Robert_Morris_University,Temple_University,Regular,2024-10-25
19054,10,4,Final,Illinois_State_University,Northern_Illinois_University,Regular,2024-10-25
18606,4,3,Final SO,University_of_Illinois,University_of_Toledo,Regular,2024-10-25
20582,5,4,Final SO,John_Carroll_University,Duquesne_University,Regular,2024-10-25
18805,2,4,Final,University_of_Alabama,Saginaw_Valley_State_University,Regular,2024-10-25
18636,1,11,Final,William_Paterson_University,George_Mason_University,Regular,2024-10-25
19400,1,10,Final,Roosevelt_University,Drury_University,Regular,2024-10-25
19151,2,7,Final,The_College_of_New_Jersey,West_Chester_University,Regular,2024-10-25
19165,9,4,Final,Davenport_University,University_of_Pittsburgh,Regular,2024-10-25
18674,4,2,Final,Maryville_University,Niagara_University,Regular,2024-10-25
19874,3,0,Final,Lehigh_University,United_States_Naval_Academy,Regular,2024-10-25
20510,6,4,Final,Colorado_State_University,San_Diego_State_University,Regular,2024-10-25
19360,3,4,Final,University_of_Oregon,Iowa_State_University,Regular,2024-10-25
20563,8,2,Final,Robert_Morris_University,Temple_University,Regular,2024-10-26
18637,3,5,Final,William_Paterson_University,United_States_Naval_Academy,Regular,2024-10-26
19875,3,5,Final,Lehigh_University,George_Mason_University,Regular,2024-10-26
19166,4,3,Final SO,Davenport_University,University_of_Pittsburgh,Regular,2024-10-26
18552,2,5,Final,University_of_Rhode_Island,Drexel_University,Regular,2024-10-26
19370,0,4,Final,Concordia_University_Ann_Arbor,Cleary_University,Regular,2024-10-26
18588,2,7,Final,Mercyhurst_University,Rutgers_University,Regular,2024-10-26
20583,4,3,Final,John_Carroll_University,Indiana_University_of_Pennsylvania,Regular,2024-10-26
20609,2,6,Final,Kent_State_University,Duquesne_University,Regular,2024-10-26
18951,2,3,Final,Missouri_State_University,University_of_Oklahoma,Regular,2024-10-26
19387,5,1,Final,University_of_Michigan_Dearborn,Aquinas_College,Regular,2024-10-26
18929,8,5,Final,Liberty_University,Stony_Brook_University,Regular,2024-10-26
19055,9,4,Final,Illinois_State_University,Northern_Illinois_University,Regular,2024-10-26
20521,2,1,Final,Calvin_University,Purdue_University_Northwest,Regular,2024-10-26
18625,4,5,Final,Syracuse_University,Oswego_State_University,Regular,2024-10-26
18867,1,6,Final,University_of_Mary,Minot_State_University,Regular,2024-10-26
18607,5,1,Final,University_of_Illinois,University_of_Toledo,Regular,2024-10-26
18761,2,10,Final,University_of_Central_Oklahoma,University_of_Utah,Regular,2024-10-26
19401,1,12,Final,Roosevelt_University,Drury_University,Regular,2024-10-26
19001,5,2,Final,University_of_Delaware,New_York_University,Regular,2024-10-26
18675,2,6,Final,Maryville_University,Niagara_University,Regular,2024-10-26
20511,5,1,Final,Colorado_State_University,San_Diego_State_University,Regular,2024-10-26
18966,5,3,Final,Grand_Canyon_University,Arizona_State_University,Regular,2024-10-26
20775,0,17,Final,Rochester_Christian_University,Indiana_Tech,Regular,2024-10-26
19361,3,4,Final,University_of_Oregon,Iowa_State_University,Regular,2024-10-26
18589,3,4,Final,Mercyhurst_University,Rutgers_University,Regular,2024-10-27
18985,2,0,Final,Adrian_College,Indiana_Tech,Regular,2024-10-30
20397,4,1,Final,Minot_State_University,University_of_Mary,Regular,2024-10-30
19445,1,0,Final SO,Niagara_University,Liberty_University,Regular,2024-11-1
19371,6,4,Final,Concordia_University_Ann_Arbor,Rochester_Christian_University,Regular,2024-11-1
18501,2,7,Final,University_of_Delaware,Ohio_University,Regular,2024-11-1
18590,0,10,Final,Mercyhurst_University,Kent_State_University,Regular,2024-11-1
19388,4,2,Final,University_of_Michigan_Dearborn,Lawrence_Tech,Regular,2024-11-1
19979,4,5,Final SO,Stony_Brook_University,University_of_Rhode_Island,Regular,2024-11-1
20522,3,1,Final,Calvin_University,Illinois_State_University,Regular,2024-11-1
19994,4,5,Final OT,University_of_Toledo,Northwood_University,Regular,2024-11-1
18881,3,5,Final,Indiana_Tech,Adrian_College,Regular,2024-11-1
18647,4,5,Final,Aquinas_College,Cleary_University,Regular,2024-11-1
20696,2,1,Final,Villanova_University,United_States_Naval_Academy,Regular,2024-11-1
19082,3,4,Final,Towson_University,George_Mason_University,Regular,2024-11-1
18897,1,4,Final,Waldorf_University,University_of_Jamestown,Regular,2024-11-1
18608,3,4,Final OT,University_of_Illinois,McKendree_University,Regular,2024-11-1
18952,4,0,Final,Missouri_State_University,Colorado_State_University,Regular,2024-11-1
20479,3,6,Final,University_of_Oklahoma,University_of_Arizona,Regular,2024-11-1
21548,6,5,Final SO,Indiana_University_of_Pennsylvania,Syracuse_University,Regular,2024-11-1
20398,4,2,Final,Minot_State_University,Grand_Canyon_University,Regular,2024-11-1
18638,2,6,Final,William_Paterson_University,West_Chester_University,Regular,2024-11-1
20769,3,4,Final SO,San_Diego_State_University,Canisius_University,Regular,2024-11-1
19947,0,3,Final,Iowa_State_University,Midland_University,Regular,2024-11-1
20495,1,2,Final SO,Oakland_University,Saginaw_Valley_State_University,Regular,2024-11-1
19129,5,2,Final,University_of_Pittsburgh,Drexel_University,Regular,2024-11-1
20536,5,2,Final,University_of_Utah,Arizona_State_University,Regular,2024-11-1
19963,3,4,Final SO,West_Virginia_University,Duquesne_University,Regular,2024-11-1
18567,5,1,Final,University_of_Nevada_Las_Vegas,University_of_Colorado,Regular,2024-11-1
19362,3,1,Final,University_of_Oregon,University_of_Alabama,Regular,2024-11-1
19067,5,1,Final,Oswego_State_University,John_Carroll_University,Regular,2024-11-2
19446,3,2,Final SO,Niagara_University,Liberty_University,Regular,2024-11-2
20776,4,6,Final,Rochester_Christian_University,Concordia_University_Ann_Arbor,Regular,2024-11-2
18539,10,2,Final,Northwood_University,University_of_Toledo,Regular,2024-11-2
18898,1,9,Final,Waldorf_University,University_of_Jamestown,Regular,2024-11-2
18502,1,4,Final,University_of_Delaware,Ohio_University,Regular,2024-11-2
19964,2,3,Final,West_Virginia_University,Kent_State_University,Regular,2024-11-2
20523,7,2,Final,Calvin_University,Illinois_State_University,Regular,2024-11-2
21549,2,5,Final,Indiana_University_of_Pennsylvania,Syracuse_University,Regular,2024-11-2
20697,4,2,Final,Villanova_University,William_Paterson_University,Regular,2024-11-2
18910,8,6,Final,Cleary_University,Aquinas_College,Regular,2024-11-2
19980,5,3,Final,Stony_Brook_University,University_of_Rhode_Island,Regular,2024-11-2
19130,1,3,Final,University_of_Pittsburgh,Drexel_University,Regular,2024-11-2
18609,3,4,Final OT,University_of_Illinois,McKendree_University,Regular,2024-11-2
18953,3,2,Final,Missouri_State_University,Colorado_State_University,Regular,2024-11-2
18773,4,2,Final,George_Mason_University,Towson_University,Regular,2024-11-2
20480,3,2,Final,University_of_Oklahoma,University_of_Arizona,Regular,2024-11-2
22044,1,2,Final,Lawrence_Tech,University_of_Michigan_Dearborn,Regular,2024-11-2
18483,0,2,Final,Purdue_University_Northwest,Grand_Valley_State_University,Regular,2024-11-2
20399,4,1,Final,Minot_State_University,Grand_Canyon_University,Regular,2024-11-2
19414,6,2,Final,Midland_University,Iowa_State_University,Regular,2024-11-2
18851,1,3,Final,Temple_University,United_States_Naval_Academy,Regular,2024-11-2
21880,8,1,Final,Duquesne_University,Mercyhurst_University,Regular,2024-11-2
19910,6,0,Final,Saginaw_Valley_State_University,Oakland_University,Regular,2024-11-2
20537,6,1,Final,University_of_Utah,Arizona_State_University,Regular,2024-11-2
19363,2,3,Final OT,University_of_Oregon,University_of_Alabama,Regular,2024-11-2
18568,7,0,Final,University_of_Nevada_Las_Vegas,University_of_Colorado,Regular,2024-11-2
20770,4,6,Final,San_Diego_State_University,Canisius_University,Regular,2024-11-2
20676,2,6,Final,Rochester_Institute_of_Technology,John_Carroll_University,Regular,2024-11-3
18661,4,1,Final,Grand_Valley_State_University,Purdue_University_Northwest,Regular,2024-11-3
18591,-,-,Postponed,Mercyhurst_University,Oswego_State_University,Regular,2024-11-5
20524,4,0,Final,Calvin_University,Aquinas_College,Regular,2024-11-6
20419,3,8,Final,McKendree_University,Maryville_University,Regular,2024-11-7
18662,1,7,Final,Grand_Valley_State_University,Davenport_University,Regular,2024-11-7
18818,3,2,Final OT,Drexel_University,University_of_Rhode_Island,Regular,2024-11-8
20777,3,7,Final,Rochester_Christian_University,Aquinas_College,Regular,2024-11-8
20400,9,3,Final,Minot_State_University,Waldorf_University,Regular,2024-11-8
18834,4,5,Final,United_States_Naval_Academy,University_of_Delaware,Regular,2024-11-8
18930,3,4,Final,Liberty_University,Ohio_University,Regular,2024-11-8
19447,2,3,Final SO,Niagara_University,Adrian_College,Regular,2024-11-8
19131,5,4,Final,University_of_Pittsburgh,Stony_Brook_University,Regular,2024-11-8
18882,4,1,Final,Indiana_Tech,Concordia_University_Ann_Arbor,Regular,2024-11-8
19462,6,2,Final,Rutgers_University,The_College_of_New_Jersey,Regular,2024-11-8
20610,2,4,Final,Kent_State_University,Northwood_University,Regular,2024-11-8
23407,8,4,Final,Canisius_University,Mercyhurst_University,Regular,2024-11-8
20525,4,1,Final,Calvin_University,Grand_Valley_State_University,Regular,2024-11-8
19965,3,6,Final,West_Virginia_University,Robert_Morris_University,Regular,2024-11-8
20698,1,0,Final,Villanova_University,Temple_University,Regular,2024-11-8
20481,4,1,Final,University_of_Oklahoma,Missouri_State_University,Regular,2024-11-8
18911,2,3,Final OT,Cleary_University,Lawrence_Tech,Regular,2024-11-8
18610,2,1,Final,University_of_Illinois,Iowa_State_University,Regular,2024-11-8
19056,4,7,Final,Illinois_State_University,McKendree_University,Regular,2024-11-8
18868,6,3,Final,University_of_Mary,Midland_University,Regular,2024-11-8
21550,8,3,Final,Indiana_University_of_Pennsylvania,Duquesne_University,Regular,2024-11-8
20584,5,6,Final,John_Carroll_University,Syracuse_University,Regular,2024-11-8
18806,6,7,Final,University_of_Alabama,Northern_Illinois_University,Regular,2024-11-8
18774,7,0,Final,George_Mason_University,Oakland_University,Regular,2024-11-8
19167,2,4,Final,Davenport_University,Drury_University,Regular,2024-11-8
19895,8,0,Final,West_Chester_University,Towson_University,Regular,2024-11-8
19876,3,4,Final,Lehigh_University,William_Paterson_University,Regular,2024-11-8
19995,1,3,Final,University_of_Toledo,Roosevelt_University,Regular,2024-11-8
20512,1,3,Final,Colorado_State_University,University_of_Central_Oklahoma,Regular,2024-11-8
19068,6,1,Final,Oswego_State_University,Rochester_Institute_of_Technology,Regular,2024-11-8
18775,7,0,Final,George_Mason_University,Oakland_University,Regular,2024-11-9
19132,1,4,Final,University_of_Pittsburgh,Stony_Brook_University,Regular,2024-11-9
19448,2,5,Final,Niagara_University,Adrian_College,Regular,2024-11-9
18807,2,5,Final,University_of_Alabama,Northern_Illinois_University,Regular,2024-11-9
20585,4,2,Final,John_Carroll_University,Syracuse_University,Regular,2024-11-9
18819,6,1,Final,Drexel_University,University_of_Rhode_Island,Regular,2024-11-9
19168,2,4,Final,Davenport_University,Drury_University,Regular,2024-11-9
20401,2,1,Final,Minot_State_University,Waldorf_University,Regular,2024-11-9
20611,2,3,Final OT,Kent_State_University,Northwood_University,Regular,2024-11-9
19372,1,6,Final,Concordia_University_Ann_Arbor,Indiana_Tech,Regular,2024-11-9
18869,3,1,Final,University_of_Mary,Midland_University,Regular,2024-11-9
19884,8,4,Final,New_York_University,Towson_University,Regular,2024-11-9
19152,0,5,Final,The_College_of_New_Jersey,Villanova_University,Regular,2024-11-9
19002,7,1,Final,University_of_Delaware,United_States_Naval_Academy,Regular,2024-11-9
18931,3,5,Final,Liberty_University,Ohio_University,Regular,2024-11-9
19057,3,4,Final OT,Illinois_State_University,McKendree_University,Regular,2024-11-9
18648,11,0,Final,Aquinas_College,Rochester_Christian_University,Regular,2024-11-9
19996,5,2,Final,University_of_Toledo,Roosevelt_University,Regular,2024-11-9
18611,2,0,Final,University_of_Illinois,Iowa_State_University,Regular,2024-11-9
20482,5,2,Final,University_of_Oklahoma,Missouri_State_University,Regular,2024-11-9
22045,2,7,Final,Lawrence_Tech,Cleary_University,Regular,2024-11-9
19896,3,2,Final,West_Chester_University,Temple_University,Regular,2024-11-9
21964,-,-,Postponed,Canisius_University,University_at_Buffalo,Regular,2024-11-9
18639,2,5,Final,William_Paterson_University,Lehigh_University,Regular,2024-11-9
20467,3,2,Final,University_of_Colorado,University_of_Oregon,Regular,2024-11-9
21881,8,6,Final,Duquesne_University,Robert_Morris_University,Regular,2024-11-9
19966,1,3,Final,West_Virginia_University,Indiana_University_of_Pennsylvania,Regular,2024-11-9
20513,2,3,Final,Colorado_State_University,University_of_Central_Oklahoma,Regular,2024-11-9
19083,2,7,Final,Towson_University,New_York_University,Regular,2024-11-10
20677,1,8,Final,Rochester_Institute_of_Technology,Oswego_State_University,Regular,2024-11-10
20468,3,1,Final,University_of_Colorado,University_of_Oregon,Regular,2024-11-10
20402,6,1,Final,Minot_State_University,University_of_Jamestown,Regular,2024-11-12
18986,3,0,Final,Adrian_College,Davenport_University,Regular,2024-11-14
18569,4,2,Final,University_of_Nevada_Las_Vegas,University_of_Utah,Regular,2024-11-14
18835,3,2,Final,United_States_Naval_Academy,Villanova_University,Regular,2024-11-15
18503,-,-,Postponed,Ohio_University,Grand_Valley_State_University,Regular,2024-11-15
18912,1,2,Final OT,Cleary_University,University_of_Michigan_Dearborn,Regular,2024-11-15
18553,6,3,Final,University_of_Rhode_Island,Duquesne_University,Regular,2024-11-15
20792,1,4,Final,Western_Michigan_University,West_Virginia_University,Regular,2024-11-15
19133,6,3,Final,University_of_Pittsburgh,Syracuse_University,Regular,2024-11-15
20612,5,3,Final,Kent_State_University,Saginaw_Valley_State_University,Regular,2024-11-15
18649,0,6,Final,Aquinas_College,Indiana_Tech,Regular,2024-11-15
18967,5,0,Final,Grand_Canyon_University,University_of_Arizona,Regular,2024-11-15
19084,4,9,Final,Towson_University,Rutgers_University,Regular,2024-11-15
18762,8,1,Final,University_of_Central_Oklahoma,University_of_Colorado,Regular,2024-11-15
19030,3,2,Final,Drury_University,University_of_Oklahoma,Regular,2024-11-15
22046,11,5,Final,Lawrence_Tech,Rochester_Christian_University,Regular,2024-11-15
19058,7,0,Final,Illinois_State_University,Iowa_State_University,Regular,2024-11-15
21551,7,3,Final,Indiana_University_of_Pennsylvania,Robert_Morris_University,Regular,2024-11-15
19169,2,4,Final,Davenport_University,Adrian_College,Regular,2024-11-15
20526,5,1,Final,Calvin_University,Roosevelt_University,Regular,2024-11-15
19415,1,6,Final,Midland_University,Minot_State_University,Regular,2024-11-15
20432,2,1,Final OT,Northern_Illinois_University,University_of_Illinois,Regular,2024-11-15
20496,1,11,Final,Oakland_University,Northwood_University,Regular,2024-11-15
19885,4,5,Final,New_York_University,Temple_University,Regular,2024-11-15
18798,6,2,Final,Maryville_University,Purdue_University_Northwest,Regular,2024-11-15
19877,2,5,Final,Lehigh_University,West_Chester_University,Regular,2024-11-15
18592,0,7,Final,Mercyhurst_University,John_Carroll_University,Regular,2024-11-15
21965,-,-,Postponed,Canisius_University,University_at_Buffalo,Regular,2024-11-15
20449,1,2,Final,San_Diego_State_University,Arizona_State_University,Regular,2024-11-15
18570,5,4,Final,University_of_Nevada_Las_Vegas,University_of_Utah,Regular,2024-11-15
19449,9,0,Final,Niagara_University,Oswego_State_University,Regular,2024-11-16
19134,3,1,Final,University_of_Pittsburgh,Syracuse_University,Regular,2024-11-16
18540,12,0,Final,Northwood_University,Oakland_University,Regular,2024-11-16
18554,4,3,Final OT,University_of_Rhode_Island,Duquesne_University,Regular,2024-11-16
20699,5,3,Final,Villanova_University,Lehigh_University,Regular,2024-11-16
18836,4,3,Final,United_States_Naval_Academy,West_Chester_University,Regular,2024-11-16
20433,1,0,Final,Northern_Illinois_University,University_of_Illinois,Regular,2024-11-16
19153,2,3,Final,The_College_of_New_Jersey,Rochester_Institute_of_Technology,Regular,2024-11-16
20613,4,1,Final,Kent_State_University,Saginaw_Valley_State_University,Regular,2024-11-16
18799,4,1,Final,Maryville_University,Purdue_University_Northwest,Regular,2024-11-16
18504,-,-,Postponed,Ohio_University,Grand_Valley_State_University,Regular,2024-11-16
19031,4,3,Final SO,Drury_University,University_of_Oklahoma,Regular,2024-11-16
19389,2,3,Final,University_of_Michigan_Dearborn,Cleary_University,Regular,2024-11-16
19981,1,3,Final,Stony_Brook_University,Drexel_University,Regular,2024-11-16
19059,7,4,Final,Illinois_State_University,Iowa_State_University,Regular,2024-11-16
20793,2,1,Final,Western_Michigan_University,West_Virginia_University,Regular,2024-11-16
20778,0,14,Final,Rochester_Christian_University,Lawrence_Tech,Regular,2024-11-16
18883,6,4,Final,Indiana_Tech,Aquinas_College,Regular,2024-11-16
19085,2,4,Final,Towson_University,Rutgers_University,Regular,2024-11-16
18763,5,4,Final OT,University_of_Central_Oklahoma,University_of_Colorado,Regular,2024-11-16
18852,4,2,Final,Temple_University,New_York_University,Regular,2024-11-16
19416,0,3,Final,Midland_University,Minot_State_University,Regular,2024-11-16
20564,3,4,Final,Robert_Morris_University,John_Carroll_University,Regular,2024-11-16
19402,2,7,Final,Roosevelt_University,Calvin_University,Regular,2024-11-16
18968,4,3,Final,Grand_Canyon_University,University_of_Arizona,Regular,2024-11-16
18593,2,11,Final,Mercyhurst_University,Indiana_University_of_Pennsylvania,Regular,2024-11-16
20450,2,9,Final,San_Diego_State_University,Arizona_State_University,Regular,2024-11-16
19154,4,5,Final,The_College_of_New_Jersey,Rochester_Institute_of_Technology,Regular,2024-11-17
19069,0,9,Final,Oswego_State_University,Niagara_University,Regular,2024-11-17
19997,3,4,Final,University_of_Toledo,West_Virginia_University,Regular,2024-11-17
19390,0,8,Final,University_of_Michigan_Dearborn,Adrian_College,Regular,2024-11-19
18541,2,0,Final,Northwood_University,Calvin_University,Regular,2024-11-20
20527,5,3,Final,Calvin_University,Northwood_University,Regular,2024-11-21
18686,2,3,Final,University_of_Arizona,Minot_State_University,Regular,2024-11-21
19094,7,1,Final,University_of_Nevada_Las_Vegas,University_of_Delaware,Regular,2024-11-21
18987,6,0,Final,Adrian_College,Aquinas_College,Regular,2024-11-21
20483,0,5,Final,University_of_Oklahoma,Colorado_State_University,Regular,2024-11-21
18676,1,2,Final,Maryville_University,Liberty_University,Regular,2024-11-21
19095,3,2,Final,University_of_Mary,University_of_Michigan_Dearborn,Regular,2024-11-22
18687,2,5,Final,Minot_State_University,Liberty_University,Regular,2024-11-22
19373,6,8,Final,Concordia_University_Ann_Arbor,Aquinas_College,Regular,2024-11-22
19096,2,1,Final,University_of_Rhode_Island,Roosevelt_University,Regular,2024-11-22
19097,1,2,Final,University_of_Jamestown,University_of_Nevada_Las_Vegas,Regular,2024-11-22
19098,2,5,Final,Arizona_State_University,University_of_Delaware,Regular,2024-11-22
18505,-,-,Postponed,Ohio_University,University_of_Oregon,Regular,2024-11-22
18837,8,1,Final,United_States_Naval_Academy,Towson_University,Regular,2024-11-22
18626,2,6,Final,Syracuse_University,Stony_Brook_University,Regular,2024-11-22
18677,3,4,Final OT,Maryville_University,University_of_Arizona,Regular,2024-11-22
19135,-,-,Postponed,University_of_Pittsburgh,Niagara_University,Regular,2024-11-22
19463,1,5,Final,Rutgers_University,Canisius_University,Regular,2024-11-22
19998,5,2,Final,University_of_Toledo,Cleary_University,Regular,2024-11-22
21552,-,-,Postponed,Indiana_University_of_Pennsylvania,William_Paterson_University,Regular,2024-11-22
20794,4,5,Final SO,Western_Michigan_University,Grand_Valley_State_University,Regular,2024-11-22
20484,4,2,Final,University_of_Oklahoma,Colorado_State_University,Regular,2024-11-22
18954,3,2,Final,Missouri_State_University,University_of_Central_Oklahoma,Regular,2024-11-22
22047,3,5,Final,Lawrence_Tech,Indiana_Tech,Regular,2024-11-22
19417,3,2,Final,Midland_University,University_of_Colorado,Regular,2024-11-22
19897,8,0,Final,West_Chester_University,New_York_University,Regular,2024-11-22
21882,3,4,Final,Duquesne_University,George_Mason_University,Regular,2024-11-22
20565,2,5,Final,Robert_Morris_University,Davenport_University,Regular,2024-11-22
20420,1,7,Final,McKendree_University,Drury_University,Regular,2024-11-22
19950,5,3,Final,Iowa_State_University,Northern_Illinois_University,Regular,2024-11-22
20497,0,14,Final,Oakland_University,Saginaw_Valley_State_University,Regular,2024-11-22
19099,3,4,Final,Illinois_State_University,University_of_Alabama,Regular,2024-11-22
19878,5,1,Final,Lehigh_University,Temple_University,Regular,2024-11-22
18594,2,4,Final,Mercyhurst_University,Rochester_Christian_University,Regular,2024-11-22
20451,2,5,Final,San_Diego_State_University,Grand_Canyon_University,Regular,2024-11-22
19100,2,0,Final,University_of_Nevada_Las_Vegas,University_of_Mary,Regular,2024-11-23
19101,9,4,Final,University_of_Delaware,Roosevelt_University,Regular,2024-11-23
18688,8,3,Final,Liberty_University,University_of_Arizona,Regular,2024-11-23
18627,4,2,Final,Syracuse_University,Stony_Brook_University,Regular,2024-11-23
19464,1,4,Final,Rutgers_University,Canisius_University,Regular,2024-11-23
19136,-,-,Postponed,University_of_Pittsburgh,Niagara_University,Regular,2024-11-23
20566,1,9,Final,Robert_Morris_University,Davenport_University,Regular,2024-11-23
18506,-,-,Postponed,Ohio_University,University_of_Oregon,Regular,2024-11-23
21883,3,5,Final,Duquesne_University,George_Mason_University,Regular,2024-11-23
21553,-,-,Postponed,Indiana_University_of_Pennsylvania,William_Paterson_University,Regular,2024-11-23
18678,3,2,Final SO,Maryville_University,Minot_State_University,Regular,2024-11-23
18663,8,1,Final,Grand_Valley_State_University,Western_Michigan_University,Regular,2024-11-23
18913,8,3,Final,Cleary_University,University_of_Toledo,Regular,2024-11-23
19102,4,5,Final OT,Arizona_State_University,Illinois_State_University,Regular,2024-11-23
20421,2,5,Final,McKendree_University,Drury_University,Regular,2024-11-23
19103,1,3,Final,University_of_Michigan_Dearborn,University_of_Jamestown,Regular,2024-11-23
19155,0,8,Final,The_College_of_New_Jersey,Oswego_State_University,Regular,2024-11-23
19104,0,2,Final,University_of_Alabama,University_of_Rhode_Island,Regular,2024-11-23
18955,6,3,Final,Missouri_State_University,University_of_Central_Oklahoma,Regular,2024-11-23
18650,7,2,Final,Aquinas_College,Concordia_University_Ann_Arbor,Regular,2024-11-23
18884,4,1,Final,Indiana_Tech,Lawrence_Tech,Regular,2024-11-23
18820,4,3,Final,Drexel_University,Villanova_University,Regular,2024-11-23
19086,1,5,Final,Towson_University,United_States_Naval_Academy,Regular,2024-11-23
19418,2,4,Final,Midland_University,University_of_Colorado,Regular,2024-11-23
19951,7,4,Final,Iowa_State_University,Northern_Illinois_University,Regular,2024-11-23
19886,3,6,Final,New_York_University,West_Chester_University,Regular,2024-11-23
19911,4,1,Final,Saginaw_Valley_State_University,Oakland_University,Regular,2024-11-23
20452,1,5,Final,San_Diego_State_University,Grand_Canyon_University,Regular,2024-11-23
20614,-,-,Postponed,Kent_State_University,University_of_Oregon,Regular,2024-11-24
19105,6,5,Final,University_of_Jamestown,Arizona_State_University,Regular,2024-11-24
18595,4,2,Final,Mercyhurst_University,Rochester_Christian_University,Regular,2024-11-24
19156,3,5,Final,The_College_of_New_Jersey,Oswego_State_University,Regular,2024-11-24
19106,1,0,Final OT,University_of_Mary,University_of_Rhode_Island,Regular,2024-11-24
19107,7,3,Final,Roosevelt_University,University_of_Alabama,Regular,2024-11-24
19108,5,3,Final,University_of_Michigan_Dearborn,Illinois_State_University,Regular,2024-11-24
18988,8,1,Final,Adrian_College,University_of_Toledo,Regular,2024-12-5
18485,4,0,Final,Purdue_University_Northwest,Roosevelt_University,Regular,2024-12-5
19999,0,4,Final,University_of_Toledo,Adrian_College,Regular,2024-12-6
18528,1,3,Final,University_of_Jamestown,Minot_State_University,Regular,2024-12-6
24093,10,0,Final,Calvin_University,Aquinas_College,Regular,2024-12-6
18555,5,3,Final,University_of_Rhode_Island,Syracuse_University,Regular,2024-12-6
18507,-,-,Postponed,Ohio_University,Maryville_University,Regular,2024-12-6
19137,4,1,Final,University_of_Pittsburgh,Oswego_State_University,Regular,2024-12-6
18885,4,3,Final,Indiana_Tech,University_of_Michigan_Dearborn,Regular,2024-12-6
18542,6,1,Final,Northwood_University,Saginaw_Valley_State_University,Regular,2024-12-6
19087,3,5,Final,Towson_University,The_College_of_New_Jersey,Regular,2024-12-6
21554,0,4,Final,Indiana_University_of_Pennsylvania,Villanova_University,Regular,2024-12-6
18956,2,3,Final,Missouri_State_University,Midland_University,Regular,2024-12-6
19060,3,4,Final SO,Illinois_State_University,University_of_Illinois,Regular,2024-12-6
18764,3,1,Final,University_of_Central_Oklahoma,University_of_Oklahoma,Regular,2024-12-6
22048,3,2,Final,Lawrence_Tech,Concordia_University_Ann_Arbor,Regular,2024-12-6
18914,9,3,Final,Cleary_University,Rochester_Christian_University,Regular,2024-12-6
20586,-,-,Postponed,John_Carroll_University,Canisius_University,Regular,2024-12-6
18808,1,2,Final OT,University_of_Alabama,University_of_Oregon,Regular,2024-12-6
18899,0,3,Final,Waldorf_University,University_of_Mary,Regular,2024-12-6
20434,0,5,Final,Northern_Illinois_University,McKendree_University,Regular,2024-12-6
20567,0,3,Final,Robert_Morris_University,West_Chester_University,Regular,2024-12-6
24094,0,6,Final,Davenport_University,Grand_Valley_State_University,Regular,2024-12-6
19003,3,4,Final OT,University_of_Delaware,Stony_Brook_University,Regular,2024-12-6
18853,2,7,Final,Temple_University,Duquesne_University,Regular,2024-12-6
19952,1,2,Final,Iowa_State_University,Drury_University,Regular,2024-12-6
19887,1,4,Final,New_York_University,William_Paterson_University,Regular,2024-12-6
19198,5,4,Final SO,University_of_Arizona,Arizona_State_University,Regular,2024-12-6
19967,5,4,Final OT,West_Virginia_University,Lehigh_University,Regular,2024-12-6
20469,3,2,Final OT,University_of_Colorado,Colorado_State_University,Regular,2024-12-6
18574,3,2,Final,University_of_Nevada_Las_Vegas,Grand_Canyon_University,Regular,2024-12-6
20453,0,8,Final,San_Diego_State_University,University_of_Utah,Regular,2024-12-6
18932,16,0,Final,Liberty_University,Drexel_University,Regular,2024-12-6
19138,7,3,Final,University_of_Pittsburgh,Oswego_State_University,Regular,2024-12-7
18854,1,2,Final,Temple_University,Duquesne_University,Regular,2024-12-7
20779,1,9,Final,Rochester_Christian_University,Cleary_University,Regular,2024-12-7
18900,4,7,Final,Waldorf_University,University_of_Mary,Regular,2024-12-7
18556,4,2,Final,University_of_Rhode_Island,Syracuse_University,Regular,2024-12-7
19968,5,1,Final,West_Virginia_University,Lehigh_University,Regular,2024-12-7
21555,2,4,Final,Indiana_University_of_Pennsylvania,Villanova_University,Regular,2024-12-7
24096,4,0,Final,Davenport_University,Aquinas_College,Regular,2024-12-7
19391,1,5,Final,University_of_Michigan_Dearborn,Indiana_Tech,Regular,2024-12-7
19374,2,8,Final,Concordia_University_Ann_Arbor,Lawrence_Tech,Regular,2024-12-7
19004,3,2,Final,University_of_Delaware,Stony_Brook_University,Regular,2024-12-7
20435,2,6,Final,Northern_Illinois_University,McKendree_University,Regular,2024-12-7
18957,4,6,Final,Missouri_State_University,Midland_University,Regular,2024-12-7
18508,-,-,Postponed,Ohio_University,Maryville_University,Regular,2024-12-7
21966,3,4,Final OT,Canisius_University,John_Carroll_University,Regular,2024-12-7
18933,8,2,Final,Liberty_University,Drexel_University,Regular,2024-12-7
19061,3,2,Final,Illinois_State_University,University_of_Illinois,Regular,2024-12-7
18809,4,5,Final,University_of_Alabama,University_of_Oregon,Regular,2024-12-7
24095,3,1,Final,Calvin_University,Grand_Valley_State_University,Regular,2024-12-7
20568,1,8,Final,Robert_Morris_University,West_Chester_University,Regular,2024-12-7
20485,3,6,Final,University_of_Oklahoma,University_of_Central_Oklahoma,Regular,2024-12-7
19157,12,2,Final,The_College_of_New_Jersey,Towson_University,Regular,2024-12-7
19953,2,5,Final,Iowa_State_University,Drury_University,Regular,2024-12-7
20403,4,2,Final,Minot_State_University,University_of_Jamestown,Regular,2024-12-7
18640,6,3,Final,William_Paterson_University,New_York_University,Regular,2024-12-7
19403,1,11,Final,Roosevelt_University,Purdue_University_Northwest,Regular,2024-12-7
18596,-,-,Postponed,Mercyhurst_University,University_at_Buffalo,Regular,2024-12-7
20514,3,7,Final,Colorado_State_University,University_of_Colorado,Regular,2024-12-7
19199,7,0,Final,University_of_Arizona,Arizona_State_University,Regular,2024-12-7
19912,1,6,Final,Saginaw_Valley_State_University,Northwood_University,Regular,2024-12-7
18575,2,0,Final,University_of_Nevada_Las_Vegas,Grand_Canyon_University,Regular,2024-12-7
20454,2,5,Final,San_Diego_State_University,University_of_Utah,Regular,2024-12-7
18597,-,-,Postponed,Mercyhurst_University,University_at_Buffalo,Regular,2024-12-8
19450,-,-,Postponed,Niagara_University,Rochester_Institute_of_Technology,Regular,2024-12-8
18989,8,2,Final,Adrian_College,University_of_Michigan_Dearborn,Regular,2024-12-12
18486,5,2,Final,Purdue_University_Northwest,Calvin_University,Regular,2024-12-12
19200,1,6,Final,University_of_Arizona,Minot_State_University,Regular,2024-12-12
19392,2,4,Final,University_of_Michigan_Dearborn,Grand_Valley_State_University,Regular,2024-12-13
18915,4,3,Final,Cleary_University,Davenport_University,Regular,2024-12-13
18509,-,-,Postponed,Ohio_University,University_of_Pittsburgh,Regular,2024-12-13
19466,-,-,Postponed,Rutgers_University,University_at_Buffalo,Regular,2024-12-13
20528,1,0,Final SO,Calvin_University,Purdue_University_Northwest,Regular,2024-12-13
18870,5,3,Final,University_of_Mary,University_of_Jamestown,Regular,2024-12-13
19419,5,4,Final OT,Midland_University,University_of_Central_Oklahoma,Regular,2024-12-13
18969,2,4,Final,Grand_Canyon_University,Minot_State_University,Regular,2024-12-13
18576,1,0,Final,University_of_Nevada_Las_Vegas,Arizona_State_University,Regular,2024-12-13
19467,-,-,Postponed,Rutgers_University,University_at_Buffalo,Regular,2024-12-14
18510,-,-,Postponed,Ohio_University,University_of_Pittsburgh,Regular,2024-12-14
18529,3,2,Final,University_of_Jamestown,University_of_Mary,Regular,2024-12-14
19420,4,1,Final,Midland_University,University_of_Central_Oklahoma,Regular,2024-12-14
19170,7,2,Final,Davenport_University,Cleary_University,Regular,2024-12-14
18970,1,0,Final OT,Grand_Canyon_University,Minot_State_University,Regular,2024-12-14
18577,6,2,Final,University_of_Nevada_Las_Vegas,Arizona_State_University,Regular,2024-12-14
22049,-,-,12:01 am EST,Lawrence_Tech,Kent_State_University,Regular,2025-1-3
22050,2,1,Final,Lawrence_Tech,Kent_State_University,Regular,2025-1-4
20404,8,0,Final,Minot_State_University,Midland_University,Regular,2025-1-4
22051,3,2,Final,Lawrence_Tech,Kent_State_University,Regular,2025-1-5
20405,6,0,Final,Minot_State_University,Midland_University,Regular,2025-1-5
20406,6,2,Final,Minot_State_University,University_of_Mary,Regular,2025-1-8
19451,5,4,Final OT,Niagara_University,Syracuse_University,Regular,2025-1-10
20700,2,4,Final,Villanova_University,West_Chester_University,Regular,2025-1-10
19393,7,4,Final,University_of_Michigan_Dearborn,Concordia_University_Ann_Arbor,Regular,2025-1-10
18557,4,3,Final OT,University_of_Rhode_Island,Stony_Brook_University,Regular,2025-1-10
19139,3,5,Final,Ohio_University,University_of_Pittsburgh,Regular,2025-1-10
18886,4,1,Final,Indiana_Tech,Cleary_University,Regular,2025-1-10
20615,7,3,Final,Kent_State_University,University_of_Toledo,Regular,2025-1-10
18664,6,3,Final,Grand_Valley_State_University,Roosevelt_University,Regular,2025-1-10
18487,4,1,Final,Purdue_University_Northwest,Davenport_University,Regular,2025-1-10
19032,7,2,Final,Drury_University,Waldorf_University,Regular,2025-1-10
18765,0,4,Final,University_of_Central_Oklahoma,Arizona_State_University,Regular,2025-1-10
22052,3,0,Final,Lawrence_Tech,Aquinas_College,Regular,2025-1-10
19005,2,1,Final,University_of_Delaware,University_of_Colorado,Regular,2025-1-10
18641,2,7,Final,William_Paterson_University,Drexel_University,Regular,2025-1-10
20407,10,0,Final,Minot_State_University,Iowa_State_University,Regular,2025-1-10
20569,-,-,8:30 pm EST,Robert_Morris_University,Mercyhurst_University,Regular,2025-1-10
20422,3,5,Final,McKendree_University,Missouri_State_University,Regular,2025-1-10
20499,3,6,Final,Oakland_University,Western_Michigan_University,Regular,2025-1-10
18679,3,7,Final,Maryville_University,Illinois_State_University,Regular,2025-1-10
19879,4,0,Final,Lehigh_University,Towson_University,Regular,2025-1-10
19914,2,5,Final,Saginaw_Valley_State_University,John_Carroll_University,Regular,2025-1-10
19201,1,2,Final,University_of_Arizona,Grand_Canyon_University,Regular,2025-1-10
19969,6,1,Final,West_Virginia_University,The_College_of_New_Jersey,Regular,2025-1-10
19364,4,2,Final,University_of_Oregon,Rochester_Christian_University,Regular,2025-1-10
18578,7,1,Final,University_of_Nevada_Las_Vegas,University_of_Jamestown,Regular,2025-1-10
19033,4,0,Final,Drury_University,Waldorf_University,Regular,2025-1-11
18558,2,4,Final,University_of_Rhode_Island,Stony_Brook_University,Regular,2025-1-11
22901,-,-,4:00 pm EST,Villanova_University,Lehigh_University,Regular,2025-1-11
19970,5,4,Final,West_Virginia_University,The_College_of_New_Jersey,Regular,2025-1-11
18916,1,7,Final,Cleary_University,Indiana_Tech,Regular,2025-1-11
19140,3,1,Final,Ohio_University,University_of_Pittsburgh,Regular,2025-1-11
18680,3,2,Final OT,Maryville_University,Illinois_State_University,Regular,2025-1-11
19006,2,7,Final,University_of_Delaware,Indiana_University_of_Pennsylvania,Regular,2025-1-11
20423,5,6,Final OT,McKendree_University,Missouri_State_University,Regular,2025-1-11
19171,2,4,Final,Davenport_University,Purdue_University_Northwest,Regular,2025-1-11
18821,7,5,Unofficial Final,Drexel_University,William_Paterson_University,Regular,2025-1-11
19070,6,2,Final,Oswego_State_University,Canisius_University,Regular,2025-1-11
18651,5,6,Final OT,Aquinas_College,Lawrence_Tech,Regular,2025-1-11
20000,0,5,Final,University_of_Toledo,Kent_State_University,Regular,2025-1-11
18766,1,6,Final,University_of_Central_Oklahoma,Arizona_State_University,Regular,2025-1-11
19375,5,10,Final,Concordia_University_Ann_Arbor,University_of_Michigan_Dearborn,Regular,2025-1-11
18855,5,1,Final,Temple_University,Towson_University,Regular,2025-1-11
19898,1,5,Final,West_Chester_University,University_of_Colorado,Regular,2025-1-11
19404,2,9,Final,Roosevelt_University,Grand_Valley_State_University,Regular,2025-1-11
20408,12,3,Final,Minot_State_University,Iowa_State_University,Regular,2025-1-11
20795,7,4,Final,Western_Michigan_University,Oakland_University,Regular,2025-1-11
19202,5,4,Final,University_of_Arizona,Grand_Canyon_University,Regular,2025-1-11
19915,1,6,Final,Saginaw_Valley_State_University,John_Carroll_University,Regular,2025-1-11
19365,7,2,Final,University_of_Oregon,Rochester_Christian_University,Regular,2025-1-11
18579,4,5,Final SO,University_of_Nevada_Las_Vegas,University_of_Jamestown,Regular,2025-1-11
24092,2,6,Final,Lehigh_University,University_of_Colorado,Regular,2025-1-12
18628,5,2,Final,Syracuse_University,Niagara_University,Regular,2025-1-12
18872,4,3,Final OT,University_of_Mary,Iowa_State_University,Regular,2025-1-12
19007,4,3,Final,University_of_Delaware,Indiana_University_of_Pennsylvania,Regular,2025-1-12
21967,1,3,Final,Canisius_University,Oswego_State_University,Regular,2025-1-12
18990,12,0,Final,Adrian_College,Western_Michigan_University,Regular,2025-1-16
18822,3,6,Unofficial Final,Drexel_University,University_of_Delaware,Regular,2025-1-16
19109,4,6,Final,McKendree_University,Lawrence_Tech,Regular,2025-1-17
20780,-,-,2:30 pm EST,Rochester_Christian_University,Indiana_Tech,Regular,2025-1-17
19110,1,3,Final,University_of_Oregon,Illinois_State_University,Regular,2025-1-17
20701,3,0,Final,Villanova_University,Towson_University,Regular,2025-1-17
19111,6,2,Final,University_of_Central_Oklahoma,West_Chester_University,Regular,2025-1-17
19112,2,6,Final,Duquesne_University,Colorado_State_University,Regular,2025-1-17
19376,2,4,Final,Concordia_University_Ann_Arbor,Cleary_University,Regular,2025-1-17
18934,3,4,Final OT,Liberty_University,Calvin_University,Regular,2025-1-17
18559,8,0,Final,University_of_Rhode_Island,Robert_Morris_University,Regular,2025-1-17
18511,6,1,Final,Ohio_University,West_Virginia_University,Regular,2025-1-17
18839,3,1,Final,United_States_Naval_Academy,George_Mason_University,Regular,2025-1-17
19394,4,2,Final,University_of_Michigan_Dearborn,Aquinas_College,Regular,2025-1-17
19452,1,4,Final,Niagara_University,University_of_Pittsburgh,Regular,2025-1-17
20001,1,7,Final,University_of_Toledo,John_Carroll_University,Regular,2025-1-17
19071,-,-,7:30 pm EST,Oswego_State_University,Indiana_University_of_Pennsylvania,Regular,2025-1-17
18958,2,4,Final,Missouri_State_University,University_of_Nevada_Las_Vegas,Regular,2025-1-17
19113,4,0,Final,University_of_Utah,University_of_Alabama,Regular,2025-1-17
18488,1,4,Final,Purdue_University_Northwest,Drury_University,Regular,2025-1-17
18612,7,1,Final,University_of_Illinois,Roosevelt_University,Regular,2025-1-17
18642,-,-,8:30 pm EST,William_Paterson_University,Temple_University,Regular,2025-1-17
19172,6,2,Final,Davenport_University,Grand_Valley_State_University,Regular,2025-1-17
18790,5,4,Final,Arizona_State_University,Grand_Canyon_University,Regular,2025-1-17
18681,4,2,Final,Maryville_University,University_of_Mary,Regular,2025-1-17
19421,4,5,Final,Midland_University,University_of_Jamestown,Regular,2025-1-17
20439,3,2,Final OT,Northern_Illinois_University,Iowa_State_University,Regular,2025-1-17
18901,3,11,Final,Waldorf_University,Minot_State_University,Regular,2025-1-17
18823,5,6,Unofficial Final,Drexel_University,The_College_of_New_Jersey,Regular,2025-1-17
21968,5,1,Final,Canisius_University,Lehigh_University,Regular,2025-1-17
19203,3,4,Final OT,University_of_Arizona,University_of_Colorado,Regular,2025-1-17
20455,1,4,Final,San_Diego_State_University,University_of_Oklahoma,Regular,2025-1-17
19072,-,-,1:00 pm EST,Oswego_State_University,Indiana_University_of_Pennsylvania,Regular,2025-1-18
19114,2,5,Final,University_of_Oregon,McKendree_University,Regular,2025-1-18
20678,-,-,2:15 pm EST,Rochester_Institute_of_Technology,Oakland_University,Regular,2025-1-18
19115,2,1,Final,University_of_Mary,West_Chester_University,Regular,2025-1-18
19453,2,1,Final,Niagara_University,University_of_Pittsburgh,Regular,2025-1-18
20796,0,8,Final,Western_Michigan_University,Adrian_College,Regular,2025-1-18
18560,3,2,Final,University_of_Rhode_Island,Robert_Morris_University,Regular,2025-1-18
19158,-,-,4:30 pm EST,The_College_of_New_Jersey,William_Paterson_University,Regular,2025-1-18
18917,7,3,Final,Cleary_University,Concordia_University_Ann_Arbor,Regular,2025-1-18
19116,2,3,Final OT,University_of_Alabama,Duquesne_University,Regular,2025-1-18
19117,3,6,Final,Lawrence_Tech,University_of_Central_Oklahoma,Regular,2025-1-18
21969,-,-,6:00 pm EST,Canisius_University,Lehigh_University,Regular,2025-1-18
20440,3,5,Final,Northern_Illinois_University,Iowa_State_University,Regular,2025-1-18
20587,5,1,Final,John_Carroll_University,University_of_Toledo,Regular,2025-1-18
18959,4,6,Final,Missouri_State_University,University_of_Nevada_Las_Vegas,Regular,2025-1-18
18935,6,7,Final OT,Liberty_University,Calvin_University,Regular,2025-1-18
19982,-,-,7:00 pm EST,Stony_Brook_University,University_of_Delaware,Regular,2025-1-18
18902,2,6,Final,Waldorf_University,Minot_State_University,Regular,2025-1-18
18512,9,0,Final,Ohio_University,West_Virginia_University,Regular,2025-1-18
18652,1,5,Final,Aquinas_College,University_of_Michigan_Dearborn,Regular,2025-1-18
18887,-,-,7:30 pm EST,Indiana_Tech,Rochester_Christian_University,Regular,2025-1-18
18665,4,2,Final,Grand_Valley_State_University,Davenport_University,Regular,2025-1-18
18489,4,5,Final SO,Purdue_University_Northwest,Drury_University,Regular,2025-1-18
19118,3,7,Final,Colorado_State_University,Illinois_State_University,Regular,2025-1-18
18779,-,-,8:25 pm EST,George_Mason_University,United_States_Naval_Academy,Regular,2025-1-18
18791,4,3,Final,Arizona_State_University,Grand_Canyon_University,Regular,2025-1-18
19119,2,5,Final,University_of_Utah,Maryville_University,Regular,2025-1-18
19422,3,5,Final,Midland_University,University_of_Jamestown,Regular,2025-1-18
19405,-,-,7:30 pm CST,Roosevelt_University,University_of_Illinois,Regular,2025-1-18
19204,-,-,7:30 pm MST,University_of_Arizona,University_of_Colorado,Regular,2025-1-18
20456,-,-,8:30 pm PST,San_Diego_State_University,University_of_Oklahoma,Regular,2025-1-18
19120,-,-,10:00 am CST,West_Chester_University,McKendree_University,Regular,2025-1-19
19121,-,-,10:30 am CST,Duquesne_University,University_of_Oregon,Regular,2025-1-19
20679,-,-,12:30 pm EST,Rochester_Institute_of_Technology,Oakland_University,Regular,2025-1-19
19122,-,-,1:00 pm CST,Colorado_State_University,University_of_Alabama,Regular,2025-1-19
19123,-,-,1:30 pm CST,University_of_Central_Oklahoma,University_of_Mary,Regular,2025-1-19
19983,-,-,3:30 pm EST,Stony_Brook_University,University_of_Delaware,Regular,2025-1-19
19124,-,-,4:00 pm CST,Illinois_State_University,University_of_Utah,Regular,2025-1-19
18683,-,-,4:30 pm CST,Maryville_University,Lawrence_Tech,Regular,2025-1-19
18792,-,-,5:30 pm MST,Arizona_State_University,University_of_Oregon,Regular,2025-1-23
19899,-,-,8:00 pm EST,West_Chester_University,Villanova_University,Regular,2025-1-23
18580,-,-,11:59 pm PST,University_of_Nevada_Las_Vegas,San_Diego_State_University,Regular,2025-1-23
20781,-,-,2:30 pm EST,Rochester_Christian_University,Concordia_University_Ann_Arbor,Regular,2025-1-24
19205,-,-,1:00 pm MST,University_of_Arizona,University_of_Utah,Regular,2025-1-24
18513,-,-,7:00 pm EST,Ohio_University,Stony_Brook_University,Regular,2025-1-24
18840,-,-,7:00 pm EST,United_States_Naval_Academy,Lehigh_University,Regular,2025-1-24
20797,-,-,7:15 pm EST,Western_Michigan_University,Roosevelt_University,Regular,2025-1-24
18971,-,-,5:30 pm MST,Grand_Canyon_University,University_of_Oregon,Regular,2025-1-24
18888,-,-,7:30 pm EST,Indiana_Tech,Maryville_University,Regular,2025-1-24
20002,-,-,7:30 pm EST,University_of_Toledo,Saginaw_Valley_State_University,Regular,2025-1-24
20616,-,-,7:30 pm EST,Kent_State_University,West_Virginia_University,Regular,2025-1-24
18918,-,-,7:30 pm EST,Cleary_University,Aquinas_College,Regular,2025-1-24
19088,-,-,7:50 pm EST,Towson_University,Villanova_University,Regular,2025-1-24
19042,-,-,7:00 pm CST,Drury_University,Northern_Illinois_University,Regular,2025-1-24
21884,-,-,8:00 pm EST,Duquesne_University,John_Carroll_University,Regular,2025-1-24
21556,-,-,8:00 pm EST,Indiana_University_of_Pennsylvania,Mercyhurst_University,Regular,2025-1-24
18490,-,-,7:00 pm CST,Purdue_University_Northwest,Grand_Valley_State_University,Regular,2025-1-24
18767,-,-,7:00 pm CST,University_of_Central_Oklahoma,Colorado_State_University,Regular,2025-1-24
22053,-,-,8:00 pm EST,Lawrence_Tech,University_of_Michigan_Dearborn,Regular,2025-1-24
20571,-,-,8:00 pm EST,Robert_Morris_University,Drexel_University,Regular,2025-1-24
19008,-,-,8:30 pm EST,University_of_Delaware,Syracuse_University,Regular,2025-1-24
20409,-,-,7:30 pm CST,Minot_State_University,University_of_Jamestown,Regular,2025-1-24
19423,-,-,7:30 pm CST,Midland_University,Waldorf_University,Regular,2025-1-24
18780,-,-,8:35 pm EST,George_Mason_University,William_Paterson_University,Regular,2025-1-24
18856,-,-,8:40 pm EST,Temple_University,West_Chester_University,Regular,2025-1-24
20424,-,-,7:45 pm CST,McKendree_University,Illinois_State_University,Regular,2025-1-24
19956,-,-,7:45 pm CST,Iowa_State_University,University_of_Illinois,Regular,2025-1-24
20500,-,-,8:55 pm EST,Oakland_University,Northwood_University,Regular,2025-1-24
19888,-,-,9:00 pm EST,New_York_University,University_of_Rhode_Island,Regular,2025-1-24
21970,-,-,9:15 pm EST,Canisius_University,Rochester_Institute_of_Technology,Regular,2025-1-24
20470,-,-,8:00 pm MST,University_of_Colorado,University_of_Oklahoma,Regular,2025-1-24
18581,-,-,7:30 pm PST,University_of_Nevada_Las_Vegas,San_Diego_State_University,Regular,2025-1-24
18793,-,-,9:30 pm MST,Arizona_State_University,Missouri_State_University,Regular,2025-1-24
18936,-,-,11:59 pm EST,Liberty_University,Niagara_University,Regular,2025-1-24
20572,-,-,12:30 pm EST,Robert_Morris_University,Drexel_University,Regular,2025-1-25
19395,-,-,1:00 pm EST,University_of_Michigan_Dearborn,Lawrence_Tech,Regular,2025-1-25
18514,-,-,2:00 pm EST,Ohio_University,Stony_Brook_University,Regular,2025-1-25
19206,-,-,1:00 pm MST,University_of_Arizona,University_of_Utah,Regular,2025-1-25
18544,-,-,4:45 pm EST,Northwood_University,Oakland_University,Regular,2025-1-25
18841,-,-,5:30 pm EST,United_States_Naval_Academy,William_Paterson_University,Regular,2025-1-25
18889,-,-,5:30 pm EST,Indiana_Tech,Maryville_University,Regular,2025-1-25
19377,-,-,5:30 pm EST,Concordia_University_Ann_Arbor,Rochester_Christian_University,Regular,2025-1-25
19009,-,-,5:30 pm EST,University_of_Delaware,Syracuse_University,Regular,2025-1-25
19889,-,-,6:00 pm EST,New_York_University,University_of_Rhode_Island,Regular,2025-1-25
20425,-,-,5:00 pm CST,McKendree_University,Illinois_State_University,Regular,2025-1-25
18937,-,-,7:00 pm EST,Liberty_University,Niagara_University,Regular,2025-1-25
19043,-,-,6:00 pm CST,Drury_University,Northern_Illinois_University,Regular,2025-1-25
20617,-,-,7:00 pm EST,Kent_State_University,Mercyhurst_University,Regular,2025-1-25
20529,-,-,7:30 pm EST,Calvin_University,Adrian_College,Regular,2025-1-25
18653,-,-,7:30 pm EST,Aquinas_College,Cleary_University,Regular,2025-1-25
19089,-,-,7:50 pm EST,Towson_University,The_College_of_New_Jersey,Regular,2025-1-25
18857,-,-,8:00 pm EST,Temple_University,Villanova_University,Regular,2025-1-25
19073,-,-,8:00 pm EST,Oswego_State_University,Rutgers_University,Regular,2025-1-25
18873,-,-,7:00 pm CST,University_of_Mary,Minot_State_University,Regular,2025-1-25
21885,-,-,8:00 pm EST,Duquesne_University,Indiana_University_of_Pennsylvania,Regular,2025-1-25
18768,-,-,7:00 pm CST,University_of_Central_Oklahoma,Colorado_State_University,Regular,2025-1-25
18972,-,-,6:30 pm MST,Grand_Canyon_University,University_of_Oregon,Regular,2025-1-25
19424,-,-,7:30 pm CST,Midland_University,Waldorf_University,Regular,2025-1-25
19957,-,-,7:30 pm CST,Iowa_State_University,University_of_Illinois,Regular,2025-1-25
19406,-,-,7:30 pm CST,Roosevelt_University,Western_Michigan_University,Regular,2025-1-25
20471,-,-,7:00 pm MST,University_of_Colorado,University_of_Oklahoma,Regular,2025-1-25
18781,-,-,9:05 pm EST,George_Mason_University,Lehigh_University,Regular,2025-1-25
18794,-,-,7:30 pm MST,Arizona_State_University,Missouri_State_University,Regular,2025-1-25
19917,-,-,9:30 pm EST,Saginaw_Valley_State_University,University_of_Toledo,Regular,2025-1-25
19971,-,-,9:45 pm EST,West_Virginia_University,John_Carroll_University,Regular,2025-1-25
19090,-,-,12:20 pm EST,Towson_University,Lehigh_University,Regular,2025-1-26
20680,-,-,12:30 pm EST,Rochester_Institute_of_Technology,Canisius_University,Regular,2025-1-26
19074,-,-,2:00 pm EST,Oswego_State_University,Rutgers_University,Regular,2025-1-26
20410,-,-,6:00 pm CST,Minot_State_University,University_of_Mary,Regular,2025-1-26
18991,-,-,7:30 pm EST,Adrian_College,Calvin_University,Regular,2025-1-27
19396,-,-,7:00 pm EST,University_of_Michigan_Dearborn,Davenport_University,Regular,2025-1-30
18795,-,-,7:30 pm MST,Arizona_State_University,University_of_Central_Oklahoma,Regular,2025-1-30
19207,-,-,1:00 pm MST,University_of_Arizona,University_of_Central_Oklahoma,Regular,2025-1-31
20538,-,-,1:30 pm MST,University_of_Utah,University_of_Nevada_Las_Vegas,Regular,2025-1-31
18875,-,-,4:00 pm CST,University_of_Mary,Waldorf_University,Regular,2025-1-31
19378,-,-,5:30 pm EST,Concordia_University_Ann_Arbor,Indiana_Tech,Regular,2025-1-31
18515,-,-,7:00 pm EST,Ohio_University,Niagara_University,Regular,2025-1-31
18938,-,-,7:00 pm EST,Liberty_University,Adrian_College,Regular,2025-1-31
19468,-,-,7:30 pm EST,Rutgers_University,The_College_of_New_Jersey,Regular,2025-1-31
20798,-,-,7:30 pm EST,Western_Michigan_University,Northwood_University,Regular,2025-1-31
18654,-,-,7:40 pm EST,Aquinas_College,Rochester_Christian_University,Regular,2025-1-31
22054,-,-,8:00 pm EST,Lawrence_Tech,Cleary_University,Regular,2025-1-31
18491,-,-,7:00 pm CST,Purdue_University_Northwest,Roosevelt_University,Regular,2025-1-31
19044,-,-,7:00 pm CST,Drury_University,McKendree_University,Regular,2025-1-31
18530,-,-,7:00 pm CST,University_of_Jamestown,Minot_State_University,Regular,2025-1-31
18613,-,-,7:00 pm CST,University_of_Illinois,Northern_Illinois_University,Regular,2025-1-31
21886,-,-,8:00 pm EST,Duquesne_University,Kent_State_University,Regular,2025-1-31
21557,-,-,8:00 pm EST,Indiana_University_of_Pennsylvania,West_Virginia_University,Regular,2025-1-31
20588,-,-,8:10 pm EST,John_Carroll_University,Robert_Morris_University,Regular,2025-1-31
18782,-,-,8:25 pm EST,George_Mason_University,Temple_University,Regular,2025-1-31
19900,-,-,8:30 pm EST,West_Chester_University,United_States_Naval_Academy,Regular,2025-1-31
19173,-,-,8:30 pm EST,Davenport_University,University_of_Michigan_Dearborn,Regular,2025-1-31
19010,-,-,8:30 pm EST,University_of_Delaware,University_of_Rhode_Island,Regular,2025-1-31
20501,-,-,8:55 pm EST,Oakland_University,University_of_Toledo,Regular,2025-1-31
19890,-,-,9:00 pm EST,New_York_University,Villanova_University,Regular,2025-1-31
20515,-,-,7:15 pm MST,Colorado_State_University,Missouri_State_University,Regular,2025-1-31
19948,-,-,8:30 pm CST,Iowa_State_University,Illinois_State_University,Regular,2025-1-31
20472,-,-,8:00 pm MST,University_of_Colorado,Grand_Canyon_University,Regular,2025-1-31
18824,-,-,10:30 pm EST,Drexel_University,Syracuse_University,Regular,2025-1-31
18939,-,-,1:00 pm EST,Liberty_University,Adrian_College,Regular,2025-2-1
19901,-,-,2:30 pm EST,West_Chester_University,George_Mason_University,Regular,2025-2-1
20782,-,-,2:30 pm EST,Rochester_Christian_University,Aquinas_College,Regular,2025-2-1
19208,-,-,1:00 pm MST,University_of_Arizona,University_of_Central_Oklahoma,Regular,2025-2-1
18825,-,-,3:15 pm EST,Drexel_University,Syracuse_University,Regular,2025-2-1
20539,-,-,1:30 pm MST,University_of_Utah,University_of_Nevada_Las_Vegas,Regular,2025-2-1
18545,-,-,4:45 pm EST,Northwood_University,Western_Michigan_University,Regular,2025-2-1
20702,-,-,5:30 pm EST,Villanova_University,New_York_University,Regular,2025-2-1
19011,-,-,5:30 pm EST,University_of_Delaware,University_of_Rhode_Island,Regular,2025-2-1
18842,-,-,5:30 pm EST,United_States_Naval_Academy,Temple_University,Regular,2025-2-1
18874,-,-,5:00 pm CST,University_of_Mary,Waldorf_University,Regular,2025-2-1
20589,-,-,6:00 pm EST,John_Carroll_University,Kent_State_University,Regular,2025-2-1
18919,-,-,6:30 pm EST,Cleary_University,Lawrence_Tech,Regular,2025-2-1
19984,-,-,7:00 pm EST,Stony_Brook_University,University_of_Pittsburgh,Regular,2025-2-1
18516,-,-,7:00 pm EST,Ohio_University,Niagara_University,Regular,2025-2-1
19045,-,-,6:00 pm CST,Drury_University,McKendree_University,Regular,2025-2-1
18890,-,-,7:30 pm EST,Indiana_Tech,Concordia_University_Ann_Arbor,Regular,2025-2-1
19091,-,-,7:50 pm EST,Towson_University,Mercyhurst_University,Regular,2025-2-1
18614,-,-,7:00 pm CST,University_of_Illinois,Northern_Illinois_University,Regular,2025-2-1
21887,-,-,8:00 pm EST,Duquesne_University,West_Virginia_University,Regular,2025-2-1
19075,-,-,Postponed,Oswego_State_University,University_at_Buffalo,Regular,2025-2-1
19407,-,-,7:30 pm CST,Roosevelt_University,Purdue_University_Northwest,Regular,2025-2-1
19949,-,-,7:30 pm CST,Iowa_State_University,Illinois_State_University,Regular,2025-2-1
20003,-,-,8:30 pm EST,University_of_Toledo,Oakland_University,Regular,2025-2-1
20573,-,-,8:30 pm EST,Robert_Morris_University,Indiana_University_of_Pennsylvania,Regular,2025-2-1
20473,-,-,7:00 pm MST,University_of_Colorado,Grand_Canyon_University,Regular,2025-2-1
20516,-,-,7:15 pm MST,Colorado_State_University,Missouri_State_University,Regular,2025-2-1
19092,-,-,12:20 pm EST,Towson_University,Mercyhurst_University,Regular,2025-2-2
19985,-,-,1:30 pm EST,Stony_Brook_University,University_of_Pittsburgh,Regular,2025-2-2
18992,-,-,7:00 pm EST,Adrian_College,Oakland_University,Regular,2025-2-6
18973,-,-,8:00 pm MST,Grand_Canyon_University,Arizona_State_University,Regular,2025-2-6
20681,-,-,6:30 pm EST,Rochester_Institute_of_Technology,Rutgers_University,Regular,2025-2-7
18561,-,-,7:00 pm EST,University_of_Rhode_Island,United_States_Naval_Academy,Regular,2025-2-7
18629,-,-,7:00 pm EST,Syracuse_University,Oswego_State_University,Regular,2025-2-7
19397,-,-,7:00 pm EST,University_of_Michigan_Dearborn,Cleary_University,Regular,2025-2-7
19454,-,-,7:00 pm EST,Niagara_University,Stony_Brook_University,Regular,2025-2-7
18517,-,-,7:00 pm EST,Ohio_University,Liberty_University,Regular,2025-2-7
19141,-,-,7:20 pm EST,University_of_Pittsburgh,University_of_Delaware,Regular,2025-2-7
20004,-,-,7:30 pm EST,University_of_Toledo,Western_Michigan_University,Regular,2025-2-7
18891,-,-,7:30 pm EST,Indiana_Tech,Aquinas_College,Regular,2025-2-7
20530,-,-,7:30 pm EST,Calvin_University,Grand_Valley_State_University,Regular,2025-2-7
20486,-,-,7:00 pm CST,University_of_Oklahoma,University_of_Colorado,Regular,2025-2-7
18810,-,-,7:00 pm CST,University_of_Alabama,McKendree_University,Regular,2025-2-7
18492,-,-,7:00 pm CST,Purdue_University_Northwest,University_of_Illinois,Regular,2025-2-7
21558,-,-,8:00 pm EST,Indiana_University_of_Pennsylvania,Kent_State_University,Regular,2025-2-7
20574,-,-,8:00 pm EST,Robert_Morris_University,Duquesne_University,Regular,2025-2-7
20590,-,-,8:10 pm EST,John_Carroll_University,Mercyhurst_University,Regular,2025-2-7
19408,-,-,7:20 pm CST,Roosevelt_University,Davenport_University,Regular,2025-2-7
18783,-,-,8:25 pm EST,George_Mason_University,Villanova_University,Regular,2025-2-7
20411,-,-,7:30 pm CST,Minot_State_University,Maryville_University,Regular,2025-2-7
19425,-,-,7:30 pm CST,Midland_University,University_of_Mary,Regular,2025-2-7
20441,-,-,7:30 pm CST,Northern_Illinois_University,Illinois_State_University,Regular,2025-2-7
18974,-,-,6:30 pm MST,Grand_Canyon_University,Arizona_State_University,Regular,2025-2-7
18858,-,-,8:40 pm EST,Temple_University,The_College_of_New_Jersey,Regular,2025-2-7
19902,-,-,8:45 pm EST,West_Chester_University,William_Paterson_University,Regular,2025-2-7
19379,-,-,8:45 pm EST,Concordia_University_Ann_Arbor,Saginaw_Valley_State_University,Regular,2025-2-7
19891,-,-,9:00 pm EST,New_York_University,Drexel_University,Regular,2025-2-7
20540,-,-,7:30 pm MST,University_of_Utah,Colorado_State_University,Regular,2025-2-7
21971,-,-,9:30 pm EST,Canisius_University,Towson_University,Regular,2025-2-7
20783,-,-,10:00 pm EST,Rochester_Christian_University,Lawrence_Tech,Regular,2025-2-7
20457,-,-,7:30 pm PST,San_Diego_State_University,University_of_Arizona,Regular,2025-2-7
20682,-,-,2:15 pm EST,Rochester_Institute_of_Technology,Rutgers_University,Regular,2025-2-8
19142,-,-,2:20 pm EST,University_of_Pittsburgh,University_of_Delaware,Regular,2025-2-8
19455,-,-,2:30 pm EST,Niagara_University,Stony_Brook_University,Regular,2025-2-8
18811,-,-,2:00 pm CST,University_of_Alabama,McKendree_University,Regular,2025-2-8
21972,-,-,3:30 pm EST,Canisius_University,Towson_University,Regular,2025-2-8
18562,-,-,4:00 pm EST,University_of_Rhode_Island,United_States_Naval_Academy,Regular,2025-2-8
18920,-,-,5:00 pm EST,Cleary_University,University_of_Michigan_Dearborn,Regular,2025-2-8
20703,-,-,5:30 pm EST,Villanova_University,The_College_of_New_Jersey,Regular,2025-2-8
21559,-,-,5:40 pm EST,Indiana_University_of_Pennsylvania,John_Carroll_University,Regular,2025-2-8
20442,-,-,5:00 pm CST,Northern_Illinois_University,Illinois_State_University,Regular,2025-2-8
20618,-,-,6:30 pm EST,Kent_State_University,Robert_Morris_University,Regular,2025-2-8
18518,-,-,7:00 pm EST,Ohio_University,Liberty_University,Regular,2025-2-8
19076,-,-,7:00 pm EST,Oswego_State_University,Syracuse_University,Regular,2025-2-8
18666,-,-,7:30 pm EST,Grand_Valley_State_University,Calvin_University,Regular,2025-2-8
18655,-,-,7:30 pm EST,Aquinas_College,Indiana_Tech,Regular,2025-2-8
18826,-,-,7:40 pm EST,Drexel_University,New_York_University,Regular,2025-2-8
18903,-,-,7:00 pm CST,Waldorf_University,Iowa_State_University,Regular,2025-2-8
18598,-,-,8:00 pm EST,Mercyhurst_University,Duquesne_University,Regular,2025-2-8
18859,-,-,8:00 pm EST,Temple_University,George_Mason_University,Regular,2025-2-8
20487,-,-,7:00 pm CST,University_of_Oklahoma,University_of_Colorado,Regular,2025-2-8
22055,-,-,8:00 pm EST,Lawrence_Tech,Rochester_Christian_University,Regular,2025-2-8
18615,-,-,7:00 pm CST,University_of_Illinois,Purdue_University_Northwest,Regular,2025-2-8
19903,-,-,8:15 pm EST,West_Chester_University,Lehigh_University,Regular,2025-2-8
20412,-,-,7:30 pm CST,Minot_State_University,Maryville_University,Regular,2025-2-8
19426,-,-,7:30 pm CST,Midland_University,University_of_Mary,Regular,2025-2-8
19409,-,-,7:30 pm CST,Roosevelt_University,Davenport_University,Regular,2025-2-8
20799,-,-,9:15 pm EST,Western_Michigan_University,University_of_Toledo,Regular,2025-2-8
20541,-,-,7:30 pm MST,University_of_Utah,Colorado_State_University,Regular,2025-2-8
19920,-,-,9:30 pm EST,Saginaw_Valley_State_University,Concordia_University_Ann_Arbor,Regular,2025-2-8
20458,-,-,8:30 pm PST,San_Diego_State_University,University_of_Arizona,Regular,2025-2-8
18493,-,-,7:00 pm CST,Purdue_University_Northwest,Adrian_College,Regular,2025-2-12
18994,-,-,7:30 pm EST,Adrian_College,Purdue_University_Northwest,Regular,2025-2-13
20784,-,-,2:30 pm EST,Rochester_Christian_University,University_of_Michigan_Dearborn,Regular,2025-2-14
20531,-,-,5:30 pm EST,Calvin_University,Davenport_University,Regular,2025-2-14
18563,-,-,7:00 pm EST,University_of_Rhode_Island,Indiana_University_of_Pennsylvania,Regular,2025-2-14
18940,-,-,7:00 pm EST,Liberty_University,University_of_Pittsburgh,Regular,2025-2-14
18656,-,-,7:40 pm EST,Aquinas_College,Concordia_University_Ann_Arbor,Regular,2025-2-14
18827,-,-,7:45 pm EST,Drexel_University,West_Chester_University,Regular,2025-2-14
18531,-,-,7:00 pm CST,University_of_Jamestown,University_of_Mary,Regular,2025-2-14
19046,-,-,7:00 pm CST,Drury_University,Midland_University,Regular,2025-2-14
18616,-,-,7:00 pm CST,University_of_Illinois,Illinois_State_University,Regular,2025-2-14
18921,-,-,8:00 pm EST,Cleary_University,Northwood_University,Regular,2025-2-14
20575,-,-,8:00 pm EST,Robert_Morris_University,West_Virginia_University,Regular,2025-2-14
20488,-,-,7:00 pm CST,University_of_Oklahoma,University_of_Central_Oklahoma,Regular,2025-2-14
22056,-,-,8:00 pm EST,Lawrence_Tech,Indiana_Tech,Regular,2025-2-14
18784,-,-,8:25 pm EST,George_Mason_University,New_York_University,Regular,2025-2-14
20443,-,-,7:30 pm CST,Northern_Illinois_University,Oakland_University,Regular,2025-2-14
20426,-,-,7:45 pm CST,McKendree_University,Iowa_State_University,Regular,2025-2-14
18684,-,-,8:15 pm CST,Maryville_University,Roosevelt_University,Regular,2025-2-14
21888,-,-,9:30 pm EST,Duquesne_University,Lehigh_University,Regular,2025-2-14
19012,-,-,9:30 pm EST,University_of_Delaware,William_Paterson_University,Regular,2025-2-14
20542,-,-,7:30 pm MST,University_of_Utah,Grand_Canyon_University,Regular,2025-2-14
18796,-,-,7:30 pm MST,Arizona_State_University,Colorado_State_University,Regular,2025-2-14
20800,-,-,9:30 pm EST,Western_Michigan_University,Saginaw_Valley_State_University,Regular,2025-2-14
20474,-,-,8:00 pm MST,University_of_Colorado,Missouri_State_University,Regular,2025-2-14
20459,-,-,7:30 pm PST,San_Diego_State_University,University_of_Nevada_Las_Vegas,Regular,2025-2-14
21889,-,-,12:01 am EST,Duquesne_University,Lehigh_University,Regular,2025-2-15
18785,-,-,11:55 am EST,George_Mason_University,New_York_University,Regular,2025-2-15
19398,-,-,1:00 pm EST,University_of_Michigan_Dearborn,Rochester_Christian_University,Regular,2025-2-15
21973,-,-,2:30 pm EST,Canisius_University,Niagara_University,Regular,2025-2-15
19380,-,-,3:00 pm EST,Concordia_University_Ann_Arbor,Aquinas_College,Regular,2025-2-15
19174,-,-,3:30 pm EST,Davenport_University,Calvin_University,Regular,2025-2-15
18599,-,-,4:00 pm EST,Mercyhurst_University,West_Virginia_University,Regular,2025-2-15
18564,-,-,4:00 pm EST,University_of_Rhode_Island,Indiana_University_of_Pennsylvania,Regular,2025-2-15
18546,-,-,4:45 pm EST,Northwood_University,Cleary_University,Regular,2025-2-15
20591,-,-,6:00 pm EST,John_Carroll_University,Rochester_Institute_of_Technology,Regular,2025-2-15
20444,-,-,5:00 pm CST,Northern_Illinois_University,Oakland_University,Regular,2025-2-15
18685,-,-,5:15 pm CST,Maryville_University,Roosevelt_University,Regular,2025-2-15
20619,-,-,6:15 pm EST,Kent_State_University,Oswego_State_University,Regular,2025-2-15
20543,-,-,4:30 pm MST,University_of_Utah,Grand_Canyon_University,Regular,2025-2-15
19986,-,-,7:00 pm EST,Stony_Brook_University,Syracuse_University,Regular,2025-2-15
18941,-,-,7:00 pm EST,Liberty_University,University_of_Pittsburgh,Regular,2025-2-15
19047,-,-,6:00 pm CST,Drury_University,Midland_University,Regular,2025-2-15
18519,-,-,7:00 pm EST,Ohio_University,Minot_State_University,Regular,2025-2-15
18892,-,-,7:30 pm EST,Indiana_Tech,Lawrence_Tech,Regular,2025-2-15
18828,-,-,7:40 pm EST,Drexel_University,West_Chester_University,Regular,2025-2-15
18769,-,-,7:00 pm CST,University_of_Central_Oklahoma,University_of_Oklahoma,Regular,2025-2-15
18876,-,-,7:00 pm CST,University_of_Mary,University_of_Jamestown,Regular,2025-2-15
20427,-,-,7:00 pm CST,McKendree_University,Iowa_State_University,Regular,2025-2-15
18617,-,-,7:00 pm CST,University_of_Illinois,Illinois_State_University,Regular,2025-2-15
18797,-,-,6:30 pm MST,Arizona_State_University,Colorado_State_University,Regular,2025-2-15
20475,-,-,7:00 pm MST,University_of_Colorado,Missouri_State_University,Regular,2025-2-15
19921,-,-,9:30 pm EST,Saginaw_Valley_State_University,Western_Michigan_University,Regular,2025-2-15
20460,-,-,8:30 pm PST,San_Diego_State_University,University_of_Nevada_Las_Vegas,Regular,2025-2-15
18520,-,-,2:00 pm EST,Ohio_University,Minot_State_University,Regular,2025-2-16
20592,-,-,2:30 pm EST,John_Carroll_University,Oswego_State_University,Regular,2025-2-16
19987,-,-,3:30 pm EST,Stony_Brook_University,Syracuse_University,Regular,2025-2-16
20576,-,-,4:15 pm EST,Robert_Morris_University,Mercyhurst_University,Regular,2025-2-16
20620,-,-,5:15 pm EST,Kent_State_University,Rochester_Institute_of_Technology,Regular,2025-2-16
19013,-,-,6:30 pm EST,University_of_Delaware,Drexel_University,Regular,2025-2-16
18995,-,-,7:30 pm EST,Adrian_College,Grand_Valley_State_University,Regular,2025-2-20
19209,-,-,7:30 pm MST,University_of_Arizona,Arizona_State_University,Regular,2025-2-20
18630,-,-,7:00 pm EST,Syracuse_University,University_of_Rhode_Island,Regular,2025-2-21
19456,-,-,7:00 pm EST,Niagara_University,University_of_Delaware,Regular,2025-2-21
18942,-,-,7:00 pm EST,Liberty_University,Ohio_University,Regular,2025-2-21
18667,-,-,7:30 pm EST,Grand_Valley_State_University,Adrian_College,Regular,2025-2-21
18960,-,-,7:00 pm CST,Missouri_State_University,Maryville_University,Regular,2025-2-21
18814,-,-,Postponed,University_of_Alabama,Drury_University,Regular,2025-2-21
18975,-,-,7:00 pm MST,Grand_Canyon_University,University_of_Nevada_Las_Vegas,Regular,2025-2-21
20517,-,-,7:15 pm MST,Colorado_State_University,University_of_Colorado,Regular,2025-2-21
19210,-,-,7:30 pm MST,University_of_Arizona,Arizona_State_University,Regular,2025-2-21
20544,-,-,7:30 pm MST,University_of_Utah,University_of_Oregon,Regular,2025-2-21
19457,-,-,1:30 pm EST,Niagara_University,University_of_Delaware,Regular,2025-2-22
18631,-,-,2:00 pm EST,Syracuse_University,University_of_Rhode_Island,Regular,2025-2-22
18815,-,-,Postponed,University_of_Alabama,Drury_University,Regular,2025-2-22
18961,-,-,6:00 pm CST,Missouri_State_University,Maryville_University,Regular,2025-2-22
18943,-,-,7:00 pm EST,Liberty_University,Ohio_University,Regular,2025-2-22
19988,-,-,8:30 pm EST,Stony_Brook_University,Drexel_University,Regular,2025-2-22
20476,-,-,7:00 pm MST,University_of_Colorado,Colorado_State_University,Regular,2025-2-22
18976,-,-,7:00 pm MST,Grand_Canyon_University,University_of_Nevada_Las_Vegas,Regular,2025-2-22
20545,-,-,7:30 pm MST,University_of_Utah,University_of_Oregon,Regular,2025-2-22
18582,-,-,7:30 pm PST,University_of_Nevada_Las_Vegas,Arizona_State_University,Regular,2025-3-7
18583,-,-,7:30 pm PST,University_of_Nevada_Las_Vegas,Arizona_State_University,Regular,2025-3-8
